No,Nama Mitra,Link Instagram,Gunung,Jalur via,Nama Paket,Harga Paket,max kuota (harga),Hari,Transportasi PP,Simaksi,Guide,Rumah singgah/Homestay,Makan (sesudah atau Sebelum pendakian),Makan (selama pendakian),Air mineral,P3K standard,Alat Masak,Tenda Toilet,Porter Team,Tenda,alat makan,Dokumentasi,Private/Tidak,Logistik,Coffe Break/Buah,BBM,Tiket,Jeep,Tambahan,Asuransi,Tanggal Trip,Meeting Point
1,Jaguar Adventure Indonesia,https://www.instagram.com/jaguaradventureindonesia,Gede,Putri,A,600000,1,2 hari 1 malam,1,1,1,1,0,1,1,1,1,1,1,1,1,1,0,1,1,0,1,0,-,0,"7-9 juni, 14-16 juni, 21-23 juni, 28-30 juni, 5-7 juli, 12-14 juli, 19-21 juli, 26-28 juli, 2-4 agustus, 9-11 agustus, 16-18 agustus, 23-25 agustus, 30 agustus-1 september, 6-8 september, 13-15 september, 20-22 september, 27-29 september, 4-6 oktober, 11-13 oktober, 18-20 oktober, 25-27 oktober, 1-3 november, 8-10 november, 15-17 november, 22-24 november, 29 november-1 desember, 6-7 desember, 13-15 desember, 20-22 desember, 27-29 desember 2024","Cawang Jakarta Timur,Jalan Tol Bogor"
2,Jaguar Adventure Indonesia,https://www.instagram.com/jaguaradventureindonesia,Ciremai,Apuy,A,650000,1,2 hari 1 malam,1,1,1,1,0,1,1,1,1,1,1,1,1,1,0,1,1,0,1,0,-,0,"7-9 juni, 14-16 juni, 21-23 juni, 28-30 juni, 5-7 juli, 12-14 juli, 19-21 juli, 26-28 juli, 2-4 agustus, 9-11 agustus, 16-18 agustus, 23-25 agustus, 30 agustus-1 september, 6-8 september, 13-15 september, 20-22 september, 27-29 september, 4-6 oktober, 11-13 oktober, 18-20 oktober, 25-27 oktober, 1-3 november, 8-10 november, 15-17 november, 22-24 november, 29 november-1 desember, 6-7 desember, 13-15 desember, 20-22 desember, 27-29 desember 2025","Depok Jatijajar, Cawang Jakarta Timur, Tol Bekasi Timur/Barat"
3,Jaguar Adventure Indonesia,https://www.instagram.com/jaguaradventureindonesia,Ciremai,Apuy,B,450000,1,2 hari 1 malam,1,1,0,1,0,0,0,0,0,0,0,0,0,0,0,0,0,0,1,0,-,0,"7-9 juni, 14-16 juni, 21-23 juni, 28-30 juni, 5-7 juli, 12-14 juli, 19-21 juli, 26-28 juli, 2-4 agustus, 9-11 agustus, 16-18 agustus, 23-25 agustus, 30 agustus-1 september, 6-8 september, 13-15 september, 20-22 september, 27-29 september, 4-6 oktober, 11-13 oktober, 18-20 oktober, 25-27 oktober, 1-3 november, 8-10 november, 15-17 november, 22-24 november, 29 november-1 desember, 6-7 desember, 13-15 desember, 20-22 desember, 27-29 desember 2026","Depok Jatijajar, Cawang Jakarta Timur, Tol Bekasi Timur/Barat"
4,Jaguar Adventure Indonesia,https://www.instagram.com/jaguaradventureindonesia,Papandayan,Camp David,A,650000,1,2 hari 1 malam,1,1,1,1,0,1,1,1,1,1,1,1,1,1,0,1,1,0,1,0,-,0,"7-9 juni, 14-16 juni, 21-23 juni, 28-30 juni, 5-7 juli, 12-14 juli, 19-21 juli, 26-28 juli, 2-4 agustus, 9-11 agustus, 16-18 agustus, 23-25 agustus, 30 agustus-1 september, 6-8 september, 13-15 september, 20-22 september, 27-29 september, 4-6 oktober, 11-13 oktober, 18-20 oktober, 25-27 oktober, 1-3 november, 8-10 november, 15-17 november, 22-24 november, 29 november-1 desember, 6-7 desember, 13-15 desember, 20-22 desember, 27-29 desember 2027","Depok Jatijajar, Cawang Jakarta Timur, Tol Bekasi Timur/Barat"
5,Jaguar Adventure Indonesia,https://www.instagram.com/jaguaradventureindonesia,Papandayan,Camp David,B,475000,1,2 hari 1 malam,1,1,0,1,0,0,0,0,0,0,0,0,0,0,0,0,0,0,1,0,-,0,"7-9 juni, 14-16 juni, 21-23 juni, 28-30 juni, 5-7 juli, 12-14 juli, 19-21 juli, 26-28 juli, 2-4 agustus, 9-11 agustus, 16-18 agustus, 23-25 agustus, 30 agustus-1 september, 6-8 september, 13-15 september, 20-22 september, 27-29 september, 4-6 oktober, 11-13 oktober, 18-20 oktober, 25-27 oktober, 1-3 november, 8-10 november, 15-17 november, 22-24 november, 29 november-1 desember, 6-7 desember, 13-15 desember, 20-22 desember, 27-29 desember 2028","Depok Jatijajar, Cawang Jakarta Timur, Tol Bekasi Timur/Barat"
6,Jaguar Adventure Indonesia,https://www.instagram.com/jaguaradventureindonesia,Merbabu,Selo,A,750000,1,2 hari 1 malam,1,1,1,1,0,1,1,1,1,1,1,1,1,1,0,1,1,0,1,0,-,0,"7-9 juni, 14-16 juni, 21-23 juni, 28-30 juni, 5-7 juli, 12-14 juli, 19-21 juli, 26-28 juli, 2-4 agustus, 9-11 agustus, 16-18 agustus, 23-25 agustus, 30 agustus-1 september, 6-8 september, 13-15 september, 20-22 september, 27-29 september, 4-6 oktober, 11-13 oktober, 18-20 oktober, 25-27 oktober, 1-3 november, 8-10 november, 15-17 november, 22-24 november, 29 november-1 desember, 6-7 desember, 13-15 desember, 20-22 desember, 27-29 desember 2029","Depok Jatijajar, Cawang Jakarta Timur, Tol Bekasi Timur/Barat"
7,Jaguar Adventure Indonesia,https://www.instagram.com/jaguaradventureindonesia,Merbabu,Selo,B,550000,1,2 hari 1 malam,1,1,0,1,0,0,0,0,0,0,0,0,0,0,0,0,0,0,1,0,-,0,"7-9 juni, 14-16 juni, 21-23 juni, 28-30 juni, 5-7 juli, 12-14 juli, 19-21 juli, 26-28 juli, 2-4 agustus, 9-11 agustus, 16-18 agustus, 23-25 agustus, 30 agustus-1 september, 6-8 september, 13-15 september, 20-22 september, 27-29 september, 4-6 oktober, 11-13 oktober, 18-20 oktober, 25-27 oktober, 1-3 november, 8-10 november, 15-17 november, 22-24 november, 29 november-1 desember, 6-7 desember, 13-15 desember, 20-22 desember, 27-29 desember 2030","Depok Jatijajar, Cawang Jakarta Timur, Tol Bekasi Timur/Barat"
8,Jaguar Adventure Indonesia,https://www.instagram.com/jaguaradventureindonesia,Merbabu,Suwanting,A,800000,1,2 hari 1 malam,1,1,1,1,0,1,1,1,1,1,1,1,1,1,0,1,1,0,1,0,-,0,"7-9 juni, 14-16 juni, 21-23 juni, 28-30 juni, 5-7 juli, 12-14 juli, 19-21 juli, 26-28 juli, 2-4 agustus, 9-11 agustus, 16-18 agustus, 23-25 agustus, 30 agustus-1 september, 6-8 september, 13-15 september, 20-22 september, 27-29 september, 4-6 oktober, 11-13 oktober, 18-20 oktober, 25-27 oktober, 1-3 november, 8-10 november, 15-17 november, 22-24 november, 29 november-1 desember, 6-7 desember, 13-15 desember, 20-22 desember, 27-29 desember 2031","Depok Jatijajar, Cawang Jakarta Timur, Tol Bekasi Timur/Barat"
9,Jaguar Adventure Indonesia,https://www.instagram.com/jaguaradventureindonesia,Merbabu,Suwanting,B,575000,1,2 hari 1 malam,1,1,0,1,0,0,0,0,0,0,0,0,0,0,0,0,0,0,1,0,-,0,"7-9 juni, 14-16 juni, 21-23 juni, 28-30 juni, 5-7 juli, 12-14 juli, 19-21 juli, 26-28 juli, 2-4 agustus, 9-11 agustus, 16-18 agustus, 23-25 agustus, 30 agustus-1 september, 6-8 september, 13-15 september, 20-22 september, 27-29 september, 4-6 oktober, 11-13 oktober, 18-20 oktober, 25-27 oktober, 1-3 november, 8-10 november, 15-17 november, 22-24 november, 29 november-1 desember, 6-7 desember, 13-15 desember, 20-22 desember, 27-29 desember 2032","Depok Jatijajar, Cawang Jakarta Timur, Tol Bekasi Timur/Barat"
10,Jaguar Adventure Indonesia,https://www.instagram.com/jaguaradventureindonesia,Prau,Wates,A,650000,1,2 hari 1 malam,1,1,1,1,0,1,1,1,1,1,1,1,1,1,0,1,1,0,1,0,-,0,"7-9 juni, 14-16 juni, 21-23 juni, 28-30 juni, 5-7 juli, 12-14 juli, 19-21 juli, 26-28 juli, 2-4 agustus, 9-11 agustus, 16-18 agustus, 23-25 agustus, 30 agustus-1 september, 6-8 september, 13-15 september, 20-22 september, 27-29 september, 4-6 oktober, 11-13 oktober, 18-20 oktober, 25-27 oktober, 1-3 november, 8-10 november, 15-17 november, 22-24 november, 29 november-1 desember, 6-7 desember, 13-15 desember, 20-22 desember, 27-29 desember 2033","Depok Jatijajar, Cawang Jakarta Timur, Tol Bekasi Timur/Barat"
11,Jaguar Adventure Indonesia,https://www.instagram.com/jaguaradventureindonesia,Prau,Wates,B,475000,1,2 hari 1 malam,1,1,0,1,0,0,0,0,0,0,0,0,0,0,0,0,0,0,1,0,-,0,"7-9 juni, 14-16 juni, 21-23 juni, 28-30 juni, 5-7 juli, 12-14 juli, 19-21 juli, 26-28 juli, 2-4 agustus, 9-11 agustus, 16-18 agustus, 23-25 agustus, 30 agustus-1 september, 6-8 september, 13-15 september, 20-22 september, 27-29 september, 4-6 oktober, 11-13 oktober, 18-20 oktober, 25-27 oktober, 1-3 november, 8-10 november, 15-17 november, 22-24 november, 29 november-1 desember, 6-7 desember, 13-15 desember, 20-22 desember, 27-29 desember 2034","Depok Jatijajar, Cawang Jakarta Timur, Tol Bekasi Timur/Barat"
12,Jaguar Adventure Indonesia,https://www.instagram.com/jaguaradventureindonesia,Lawu,Candi Cetho,A,800000,1,2 hari 1 malam,1,1,1,1,0,1,1,1,1,1,1,1,1,1,0,1,1,0,1,0,-,0,"7-9 juni, 14-16 juni, 21-23 juni, 28-30 juni, 5-7 juli, 12-14 juli, 19-21 juli, 26-28 juli, 2-4 agustus, 9-11 agustus, 16-18 agustus, 23-25 agustus, 30 agustus-1 september, 6-8 september, 13-15 september, 20-22 september, 27-29 september, 4-6 oktober, 11-13 oktober, 18-20 oktober, 25-27 oktober, 1-3 november, 8-10 november, 15-17 november, 22-24 november, 29 november-1 desember, 6-7 desember, 13-15 desember, 20-22 desember, 27-29 desember 2035","Depok Jatijajar, Cawang Jakarta Timur, Tol Bekasi Timur/Barat"
13,Jaguar Adventure Indonesia,https://www.instagram.com/jaguaradventureindonesia,Lawu,Candi Cetho,B,600000,1,2 hari 1 malam,1,1,0,1,0,0,0,0,0,0,0,0,0,0,0,0,0,0,1,0,-,0,"7-9 juni, 14-16 juni, 21-23 juni, 28-30 juni, 5-7 juli, 12-14 juli, 19-21 juli, 26-28 juli, 2-4 agustus, 9-11 agustus, 16-18 agustus, 23-25 agustus, 30 agustus-1 september, 6-8 september, 13-15 september, 20-22 september, 27-29 september, 4-6 oktober, 11-13 oktober, 18-20 oktober, 25-27 oktober, 1-3 november, 8-10 november, 15-17 november, 22-24 november, 29 november-1 desember, 6-7 desember, 13-15 desember, 20-22 desember, 27-29 desember 2036","Depok Jatijajar, Cawang Jakarta Timur, Tol Bekasi Timur/Barat"
14,Jaguar Adventure Indonesia,https://www.instagram.com/jaguaradventureindonesia,Slamet,Bambangan,A,650000,1,2 hari 1 malam,1,1,1,1,0,1,1,1,1,1,1,1,1,1,0,1,1,0,1,0,-,0,"7-9 juni, 14-16 juni, 21-23 juni, 28-30 juni, 5-7 juli, 12-14 juli, 19-21 juli, 26-28 juli, 2-4 agustus, 9-11 agustus, 16-18 agustus, 23-25 agustus, 30 agustus-1 september, 6-8 september, 13-15 september, 20-22 september, 27-29 september, 4-6 oktober, 11-13 oktober, 18-20 oktober, 25-27 oktober, 1-3 november, 8-10 november, 15-17 november, 22-24 november, 29 november-1 desember, 6-7 desember, 13-15 desember, 20-22 desember, 27-29 desember 2037","Depok Jatijajar, Cawang Jakarta Timur, Tol Bekasi Timur/Barat"
15,Jaguar Adventure Indonesia,https://www.instagram.com/jaguaradventureindonesia,Slamet,Bambangan,B,475000,1,2 hari 1 malam,1,1,0,1,0,0,0,0,0,0,0,0,0,0,0,0,0,0,1,0,-,0,"7-9 juni, 14-16 juni, 21-23 juni, 28-30 juni, 5-7 juli, 12-14 juli, 19-21 juli, 26-28 juli, 2-4 agustus, 9-11 agustus, 16-18 agustus, 23-25 agustus, 30 agustus-1 september, 6-8 september, 13-15 september, 20-22 september, 27-29 september, 4-6 oktober, 11-13 oktober, 18-20 oktober, 25-27 oktober, 1-3 november, 8-10 november, 15-17 november, 22-24 november, 29 november-1 desember, 6-7 desember, 13-15 desember, 20-22 desember, 27-29 desember 2038","Depok Jatijajar, Cawang Jakarta Timur, Tol Bekasi Timur/Barat"
16,Jaguar Adventure Indonesia,https://www.instagram.com/jaguaradventureindonesia,Sumbing,Garung,A,650000,1,2 hari 1 malam,1,1,1,1,0,1,1,1,1,1,1,1,1,1,0,1,1,0,1,0,-,0,"7-9 juni, 14-16 juni, 21-23 juni, 28-30 juni, 5-7 juli, 12-14 juli, 19-21 juli, 26-28 juli, 2-4 agustus, 9-11 agustus, 16-18 agustus, 23-25 agustus, 30 agustus-1 september, 6-8 september, 13-15 september, 20-22 september, 27-29 september, 4-6 oktober, 11-13 oktober, 18-20 oktober, 25-27 oktober, 1-3 november, 8-10 november, 15-17 november, 22-24 november, 29 november-1 desember, 6-7 desember, 13-15 desember, 20-22 desember, 27-29 desember 2039","Depok Jatijajar, Cawang Jakarta Timur, Tol Bekasi Timur/Barat"
17,Jaguar Adventure Indonesia,https://www.instagram.com/jaguaradventureindonesia,Sumbing,Garung,B,475000,1,2 hari 1 malam,1,1,0,1,0,0,0,0,0,0,0,0,0,0,0,0,0,0,1,0,-,0,"7-9 juni, 14-16 juni, 21-23 juni, 28-30 juni, 5-7 juli, 12-14 juli, 19-21 juli, 26-28 juli, 2-4 agustus, 9-11 agustus, 16-18 agustus, 23-25 agustus, 30 agustus-1 september, 6-8 september, 13-15 september, 20-22 september, 27-29 september, 4-6 oktober, 11-13 oktober, 18-20 oktober, 25-27 oktober, 1-3 november, 8-10 november, 15-17 november, 22-24 november, 29 november-1 desember, 6-7 desember, 13-15 desember, 20-22 desember, 27-29 desember 2040","Depok Jatijajar, Cawang Jakarta Timur, Tol Bekasi Timur/Barat"
18,Jaguar Adventure Indonesia,https://www.instagram.com/jaguaradventureindonesia,Sindoro,Kledung,A,650000,1,2 hari 1 malam,1,1,1,1,0,1,1,1,1,1,1,1,1,1,0,1,1,0,1,0,-,0,"7-9 juni, 14-16 juni, 21-23 juni, 28-30 juni, 5-7 juli, 12-14 juli, 19-21 juli, 26-28 juli, 2-4 agustus, 9-11 agustus, 16-18 agustus, 23-25 agustus, 30 agustus-1 september, 6-8 september, 13-15 september, 20-22 september, 27-29 september, 4-6 oktober, 11-13 oktober, 18-20 oktober, 25-27 oktober, 1-3 november, 8-10 november, 15-17 november, 22-24 november, 29 november-1 desember, 6-7 desember, 13-15 desember, 20-22 desember, 27-29 desember 2041","Depok Jatijajar, Cawang Jakarta Timur, Tol Bekasi Timur/Barat"
19,Jaguar Adventure Indonesia,https://www.instagram.com/jaguaradventureindonesia,Sindoro,Kledung,B,475000,1,2 hari 1 malam,1,1,0,1,0,0,0,0,0,0,0,0,0,0,0,0,0,0,1,0,-,0,"7-9 juni, 14-16 juni, 21-23 juni, 28-30 juni, 5-7 juli, 12-14 juli, 19-21 juli, 26-28 juli, 2-4 agustus, 9-11 agustus, 16-18 agustus, 23-25 agustus, 30 agustus-1 september, 6-8 september, 13-15 september, 20-22 september, 27-29 september, 4-6 oktober, 11-13 oktober, 18-20 oktober, 25-27 oktober, 1-3 november, 8-10 november, 15-17 november, 22-24 november, 29 november-1 desember, 6-7 desember, 13-15 desember, 20-22 desember, 27-29 desember 2042","Depok Jatijajar, Cawang Jakarta Timur, Tol Bekasi Timur/Barat"
20,Jaguar Adventure Indonesia,https://www.instagram.com/jaguaradventureindonesia,Papandayan,Camp David,One Day trip,370000,1,1 hari,1,1,1,1,1,0,1,1,0,0,0,0,0,0,0,0,0,0,1,0,-,0," 15, 22, 29 juni; 6, 13, 20, 27 juli; 3, 10, 17, 24, 31 agustus; 7, 14, 21, 28 september; 5, 12, 19, 26 oktober; 2, 9, 16, 23, 30 november; 7, 14, 21, 28 desember","Depok Jatijajar, Cawang Jakarta Timur, Tol Bekasi Timur/Barat"
21,Jaguar Adventure Indonesia,https://www.instagram.com/jaguaradventureindonesia,Salak,Cimelati,One Day trip,375000,1,1 hari,1,1,1,1,1,0,1,1,0,0,0,0,0,0,0,0,0,0,1,0,-,0," 15, 22, 29 juni; 6, 13, 20, 27 juli; 3, 10, 17, 24, 31 agustus; 7, 14, 21, 28 september; 5, 12, 19, 26 oktober; 2, 9, 16, 23, 30 november; 7, 14, 21, 28 desember","Depok Jatijajar, Cawang Jakarta Timur, Tol Bekasi Timur/Barat"
22,Jaguar Adventure Indonesia,https://www.instagram.com/jaguaradventureindonesia,Salak,Ajisaka,One Day trip,375000,1,1 hari,1,1,1,1,1,0,1,1,0,0,0,0,0,0,0,0,0,0,1,0,-,0," 15, 22, 29 juni; 6, 13, 20, 27 juli; 3, 10, 17, 24, 31 agustus; 7, 14, 21, 28 september; 5, 12, 19, 26 oktober; 2, 9, 16, 23, 30 november; 7, 14, 21, 28 desember","Depok Jatijajar, Cawang Jakarta Timur, Tol Bekasi Timur/Barat"
23,Jaguar Adventure Indonesia,https://www.instagram.com/jaguaradventureindonesia,Kawah ratu,-,One Day trip,300000,1,1 hari,1,1,1,1,1,0,1,1,0,0,0,0,0,0,0,0,0,0,1,0,-,0," 15, 22, 29 juni; 6, 13, 20, 27 juli; 3, 10, 17, 24, 31 agustus; 7, 14, 21, 28 september; 5, 12, 19, 26 oktober; 2, 9, 16, 23, 30 november; 7, 14, 21, 28 desember","Depok Jatijajar, Cawang Jakarta Timur, Tol Bekasi Timur/Barat"
24,Jaguar Adventure Indonesia,https://www.instagram.com/jaguaradventureindonesia,Patuha,-,One Day trip,350000,1,1 hari,1,1,1,1,1,0,1,1,0,0,0,0,0,0,0,0,0,0,1,0,-,0," 15, 22, 29 juni; 6, 13, 20, 27 juli; 3, 10, 17, 24, 31 agustus; 7, 14, 21, 28 september; 5, 12, 19, 26 oktober; 2, 9, 16, 23, 30 november; 7, 14, 21, 28 desember","Depok Jatijajar, Cawang Jakarta Timur, Tol Bekasi Timur/Barat"
25,Bromo Buddies,https://www.instagram.com/bromobuddies,Bromo,-,Non Dokumentasi,275000,1,1 hari,1,0,1,0,0,0,0,0,0,0,0,0,0,0,0,0,0,1,1,1,-,0,setiap hari,Malang Kota
26,Bromo Buddies,https://www.instagram.com/bromobuddies,Bromo,-,Dokumentasi,325000,1,1 hari,1,0,1,0,0,0,0,0,0,0,0,0,0,1,0,0,0,1,1,1,-,0,setiap hari,Malang Kota
27,Bromo Buddies,https://www.instagram.com/bromobuddies,Bromo,-,Non Dokumentasi,1500000,6,1 hari,1,0,1,0,0,0,0,0,0,0,0,0,0,0,0,0,0,1,1,1,-,0,setiap hari,Malang Kota
28,Bromo Buddies,https://www.instagram.com/bromobuddies,Bromo,-,Dokumentasi,1800000,6,1 hari,1,0,1,0,0,0,0,0,0,0,0,0,0,1,0,0,0,1,1,1,-,0,setiap hari,Malang Kota
29,Bromo Indah Travel,https://www.instagram.com/bromoindahtravel/,Bromo,-,Non Dokumentasi (Private),1300000,6,1 hari,1,0,1,0,0,0,0,0,0,0,0,0,0,0,1,0,0,1,1,1,-,1,setiap hari,Malang Kota
30,Bromo Indah Travel,https://www.instagram.com/bromoindahtravel/,Bromo,-,Open Trip,250000,1,1 hari,1,0,1,0,0,0,0,0,0,0,0,0,0,0,0,0,0,1,1,1,-,1,setiap hari,Malang Kota
31,Voyager Travel,https://www.instagram.com/voyagertravel.id/,Sumbing,Kaliangkrik,Open Trip,480000,1,2 hari,0,1,0,0,1,1,0,1,0,0,1,1,1,1,0,0,1,0,0,0,-,0,22-23 Juni 2024,Basecamp Kaliangkrik
32,Sahabat Petualang Banjarnegara,https://www.instagram.com/sahabatpetualang.banjarnegara/,Prau,Semua Jalur,Luxury (Basecamp),799000,1,2 hari 1 malam,0,1,1,0,1,1,1,1,1,1,1,1,1,1,0,0,1,1,1,0,"Lampu tenda, BBQ, Meja dan kursi, Sovernir( kaos, stiker, cangkir) sertifikat pendakian, Dekorasi Camping,",0,setiap hari,Basecamp
33,Sahabat Petualang Banjarnegara,https://www.instagram.com/sahabatpetualang.banjarnegara/,Prau,Semua Jalur,Luxury (Jakarta),1599000,1,2 hari 1 malam,1,1,1,0,1,1,1,1,1,1,1,1,1,1,0,0,1,1,1,0,"Lampu tenda, BBQ, Meja dan kursi, Sovernir( kaos, stiker, cangkir) sertifikat pendakian, Dekorasi Camping,",0,setiap hari,Jakarta
34,Aksa Trip,https://www.instagram.com/aksatatrip/,Kawah Ijen,Paltuding,Open Trip,325000,1,2 hari,1,0,1,0,0,0,1,0,0,0,0,0,0,1,0,0,0,1,1,0,-,0,"15-16 Juni, 29-30 Juni, 6-7 Juli, 20-21 Juli","Jombang, Mojokerto, Sidoarjo"
35,Hexa Trip,https://www.instagram.com/hexa.trip/,Lawu,Cetho,A,570000,1,3 hari,1,1,0,1,0,0,0,0,0,0,0,0,0,0,0,0,0,0,0,0,-,0,7-9 Juni,"Jakarta UKI, Bekasi, Cikarang, Karawang, Cirebon"
36,Hexa Trip,https://www.instagram.com/hexa.trip/,Lawu,Cetho,B,790000,1,3 hari,1,1,1,1,0,1,0,0,1,0,1,1,1,0,0,0,1,0,0,0,"Puding, Merchandise",0,7-9 Juni,"Jakarta UKI, Bekasi, Cikarang, Karawang, Cirebon"
37,Hexa Trip,https://www.instagram.com/hexa.trip/,Sumbing,Garung,A,475000,1,3 hari,1,1,0,1,0,0,0,0,0,0,0,0,0,0,0,0,0,0,0,0,-,0,7-9 Juni,"Jakarta UKI, Bekasi, Cikarang, Karawang, Cirebon"
38,Hexa Trip,https://www.instagram.com/hexa.trip/,Sumbing,Garung,B,675000,1,3 hari,1,1,1,1,0,1,0,0,1,0,1,1,1,0,0,0,1,0,0,0,"Puding, Merchandise",0,7-9 Juni,"Jakarta UKI, Bekasi, Cikarang, Karawang, Cirebon"
39,Hexa Trip,https://www.instagram.com/hexa.trip/,Sindoro,Kleding,A,475000,1,3 hari,1,1,0,1,0,0,0,0,0,0,0,0,0,0,0,0,0,0,0,0,-,0,7-9 Juni,"Jakarta UKI, Bekasi, Cikarang, Karawang, Cirebon"
40,Hexa Trip,https://www.instagram.com/hexa.trip/,Sindoro,Kleding,B,675000,1,3 hari,1,1,1,1,0,1,0,0,1,0,1,1,1,0,0,0,1,0,0,0,"Puding, Merchandise",0,7-9 Juni,"Jakarta UKI, Bekasi, Cikarang, Karawang, Cirebon"
41,Hexa Trip,https://www.instagram.com/hexa.trip/,Prau,Wates,A,475000,1,3 hari,1,1,0,1,0,0,0,0,0,0,0,0,0,0,0,0,0,0,0,0,-,0,7-9 Juni,"Jakarta UKI, Bekasi, Cikarang, Karawang, Cirebon"
42,Hexa Trip,https://www.instagram.com/hexa.trip/,Prau,Wates,B,675000,1,3 hari,1,1,1,1,0,1,0,0,1,0,1,1,1,0,0,0,1,0,0,0,"Puding, Merchandise",0,7-9 Juni,"Jakarta UKI, Bekasi, Cikarang, Karawang, Cirebon"
43,Hexa Trip,https://www.instagram.com/hexa.trip/,Merbabu,Selo,A,530000,1,3 hari,1,1,0,1,0,0,0,0,0,0,0,0,0,0,0,0,0,0,0,0,-,0,7-9 Juni,"Jakarta UKI, Bekasi, Cikarang, Karawang, Cirebon"
44,Hexa Trip,https://www.instagram.com/hexa.trip/,Merbabu,Selo,B,775000,1,3 hari,1,1,1,1,0,1,0,0,1,0,1,1,1,0,0,0,1,0,0,0,"Puding, Merchandise",0,7-9 Juni,"Jakarta UKI, Bekasi, Cikarang, Karawang, Cirebon"
45,Agun Adventure,https://www.instagram.com/agunadv_katalog/,Sindoro,-,Two day Trip,1500000,1,2 hari,0,1,1,0,0,1,0,0,1,0,1,1,0,1,1,0,1,0,0,0,-,1,setiap hari,Basecamp
46,Agun Adventure,https://www.instagram.com/agunadv_katalog/,Slamet,-,Two day Trip,1800000,1,2 hari,0,1,1,0,0,1,0,0,1,0,1,1,0,1,1,0,1,0,0,0,-,1,setiap hari,Basecamp
47,Agun Adventure,https://www.instagram.com/agunadv_katalog/,Lawu,,Two day Trip,1750000,1,2 hari,0,1,1,0,0,1,0,0,1,0,1,1,0,1,1,0,1,0,0,0,-,1,setiap hari,Basecamp
48,Agun Adventure,https://www.instagram.com/agunadv_katalog/,Sumbing,-,Two day Trip,1500000,1,2 hari,0,1,1,0,0,1,0,0,1,0,1,1,0,1,1,0,1,0,0,0,-,1,setiap hari,Basecamp
49,Agun Adventure,https://www.instagram.com/agunadv_katalog/,Prau,-,Two day Trip,800000,1,2 hari,0,1,1,0,0,1,0,0,1,0,1,1,0,1,1,0,1,0,0,0,-,1,setiap hari,Basecamp
50,Agun Adventure,https://www.instagram.com/agunadv_katalog/,Merbabu,-,Two day Trip,1700000,1,2 hari,0,1,1,0,0,1,0,0,1,0,1,1,0,1,1,0,1,0,0,0,-,1,setiap hari,Basecamp
51,Bromo Nation,https://www.instagram.com/bromonation_/,Bromo,-,Dokumentasi (open),300000,6,1 hari,1,0,1,0,0,0,0,0,0,0,0,0,0,1,0,0,0,1,1,1,Parkir,0,setiap hari,Penginapan
52,Bromo Nation,https://www.instagram.com/bromonation_/,Bromo,-,Non Dokumentasi (open),250000,6,1 hari,1,0,1,0,0,0,0,0,0,0,0,0,0,0,0,0,0,1,1,1,Parkir,0,setiap hari,Penginapan
53,Bromo Nation,https://www.instagram.com/bromonation_/,Bromo,-,Dokumentasi (private),1500000,6,1 hari,1,0,1,0,0,0,0,0,0,0,0,0,0,1,1,0,0,1,1,1,Parkir,0,setiap hari,Penginapan
54,Bromo Nation,https://www.instagram.com/bromonation_/,Bromo,-,Non Dokumentasi (Private),1300000,6,1 hari,1,0,1,0,0,0,0,0,0,0,0,0,0,0,1,0,0,1,1,1,Parkir,0,setiap hari,Penginapan
55,PTA Cianjur,https://www.instagram.com/jadwaltrip.ptacianjur/,Kerinci,Kersik Tuo,Open Trip,1600000,1,7 hari,1,1,1,1,1,1,0,1,0,0,0,1,0,1,0,0,0,0,0,0,"stiker/ganci, sertifikat, pusat oleh-oleh, doorprize",0,12-19 agustus,"Bandung, Cianjur, Sukabumi, Bogor, RS UKI-Cawang (Jkt), Bekasi KM 19, Cikopo KM 188, Basecamp"
56,PTA Cianjur,https://www.instagram.com/jadwaltrip.ptacianjur/,Sindoro,Kledung,Open Trip,470000,1,3 hari,1,1,1,1,1,1,0,1,0,0,0,1,0,1,0,0,0,0,0,0,"stiker/ganci, sertifikat, pusat oleh-oleh, doorprize",0,16-18 agustus,"Bandung, Cianjur, Sukabumi, Bogor, RS UKI-Cawang (Jkt), Bekasi KM 19, Cikopo KM 188, Basecamp"
57,PTA Cianjur,https://www.instagram.com/jadwaltrip.ptacianjur/,Sumbing,Batursari,Open Trip,470000,1,3 hari,1,1,1,1,1,1,0,1,0,0,0,1,0,1,0,0,0,0,0,0,"stiker/ganci, sertifikat, pusat oleh-oleh, doorprize",0,16-18 agustus,"Bandung, Cianjur, Sukabumi, Bogor, RS UKI-Cawang (Jkt), Bekasi KM 19, Cikopo KM 188, Basecamp"
58,PTA Cianjur,https://www.instagram.com/jadwaltrip.ptacianjur/,Prau,Wates,Open Trip,470000,1,3 hari,1,1,1,1,1,1,0,1,0,0,0,1,0,1,0,0,0,0,0,0,"stiker/ganci, sertifikat, pusat oleh-oleh, doorprize",0,16-18 agustus,"Bandung, Cianjur, Sukabumi, Bogor, RS UKI-Cawang (Jkt), Bekasi KM 19, Cikopo KM 188, Basecamp"
59,PTA Cianjur,https://www.instagram.com/jadwaltrip.ptacianjur/,Slamet,Permadi Guci,Open Trip,470000,1,3 hari,1,1,1,1,1,1,0,1,0,0,0,1,0,1,0,0,0,0,0,0,"stiker/ganci, sertifikat, pusat oleh-oleh, doorprize",0,16-18 agustus,"Bandung, Cianjur, Sukabumi, Bogor, RS UKI-Cawang (Jkt), Bekasi KM 19, Cikopo KM 188, Basecamp"
60,PTA Cianjur,https://www.instagram.com/jadwaltrip.ptacianjur/,Ciremai,Apuy,Open Trip,470000,1,3 hari,1,1,1,1,1,1,0,1,0,0,0,1,0,1,0,0,0,0,0,0,"stiker/ganci, sertifikat, pusat oleh-oleh, doorprize",0,16-18 agustus,"Bandung, Cianjur, Sukabumi, Bogor, RS UKI-Cawang (Jkt), Bekasi KM 19, Cikopo KM 188, Basecamp"
61,PTA Cianjur,https://www.instagram.com/jadwaltrip.ptacianjur/,Papandayan,-,Open Trip,470000,1,3 hari,1,1,1,1,1,1,0,1,0,0,0,1,0,1,0,0,0,0,0,0,"stiker/ganci, sertifikat, pusat oleh-oleh, doorprize",0,30 agustus - 01 september,"Bandung, Cianjur, Sukabumi, Bogor, RS UKI-Cawang (Jkt), Bekasi KM 19, Basecamp"
62,Dolan Semeru,https://www.instagram.com/dolansemeru/,Merbabu,-,Open Trip (jakarta),760000,1,3 hari,1,1,1,1,1,1,0,1,1,1,1,1,1,1,0,1,1,1,1,0,"HT, Sertifikat",1,"7-9 juni, 14-16 juni, 16-18 juni, 21-23 juni, 28-30 juni, 5-7 juli, 12-14 juli, 19-21 juli, 26-28 juli, 2-4 agustus, 9-11 agustus, 15-17 agustus, 16-18 agustus, 17-19 agustus, 23-25 agustus, 30 agustus-1 september, 6-8 september, 20-22 september, 27-29 september, 4-6 oktober, 11-13 oktober, 18-20 oktober, 25-27 oktober, 1-3 november, 8-10 november, 15-17 november, 22-24 november, 29-31 november, 6-8 desember, 13-15 desember, 20-22 desember, 22-24 desember, 23-25 desember, 24-26 desember, 25-27 desember, 26-28 desember, 27-29 desember, 28-30 desember, 29-31 desember, 30 desember - 1 januari, 31 desember - 1 januari ",Jakarta (Uki)
63,Dolan Semeru,https://www.instagram.com/dolansemeru/,Merbabu,-,open trip (Yogyakarta),550000,1,3 hari,1,1,1,1,1,1,0,1,1,1,1,1,1,1,0,1,1,1,1,0,"HT, Sertifikat",1,"7-9 juni, 14-16 juni, 16-18 juni, 21-23 juni, 28-30 juni, 5-7 juli, 12-14 juli, 19-21 juli, 26-28 juli, 2-4 agustus, 9-11 agustus, 15-17 agustus, 16-18 agustus, 17-19 agustus, 23-25 agustus, 30 agustus-1 september, 6-8 september, 20-22 september, 27-29 september, 4-6 oktober, 11-13 oktober, 18-20 oktober, 25-27 oktober, 1-3 november, 8-10 november, 15-17 november, 22-24 november, 29-31 november, 6-8 desember, 13-15 desember, 20-22 desember, 22-24 desember, 23-25 desember, 24-26 desember, 25-27 desember, 26-28 desember, 27-29 desember, 28-30 desember, 29-31 desember, 30 desember - 1 januari, 31 desember - 1 januari ",Yogyakarta
64,Dolan Semeru,https://www.instagram.com/dolansemeru/,Merbabu,-,open trip (basecamp),350000,1,3 hari,1,1,1,1,1,1,0,1,1,1,1,1,1,1,0,1,1,1,1,0,"HT, Sertifikat",1,"7-9 juni, 14-16 juni, 16-18 juni, 21-23 juni, 28-30 juni, 5-7 juli, 12-14 juli, 19-21 juli, 26-28 juli, 2-4 agustus, 9-11 agustus, 15-17 agustus, 16-18 agustus, 17-19 agustus, 23-25 agustus, 30 agustus-1 september, 6-8 september, 20-22 september, 27-29 september, 4-6 oktober, 11-13 oktober, 18-20 oktober, 25-27 oktober, 1-3 november, 8-10 november, 15-17 november, 22-24 november, 29-31 november, 6-8 desember, 13-15 desember, 20-22 desember, 22-24 desember, 23-25 desember, 24-26 desember, 25-27 desember, 26-28 desember, 27-29 desember, 28-30 desember, 29-31 desember, 30 desember - 1 januari, 31 desember - 1 januari ",Basecamp
65,Dolan Semeru,https://www.instagram.com/dolansemeru/,Sumbing,-,Open Trip (jakarta),700000,1,3 hari,1,1,1,1,1,1,0,1,1,1,1,1,1,1,0,1,1,1,1,0,"HT, Sertifikat",1,"7-9 juni, 14-16 juni, 16-18 juni, 21-23 juni, 28-30 juni, 5-7 juli, 12-14 juli, 19-21 juli, 26-28 juli, 2-4 agustus, 9-11 agustus, 15-17 agustus, 16-18 agustus, 17-19 agustus, 23-25 agustus, 30 agustus-1 september, 6-8 september, 20-22 september, 27-29 september, 4-6 oktober, 11-13 oktober, 18-20 oktober, 25-27 oktober, 1-3 november, 8-10 november, 15-17 november, 22-24 november, 29-31 november, 6-8 desember, 13-15 desember, 20-22 desember, 22-24 desember, 23-25 desember, 24-26 desember, 25-27 desember, 26-28 desember, 27-29 desember, 28-30 desember, 29-31 desember, 30 desember - 1 januari, 31 desember - 1 januari ",Jakarta (Uki)
66,Dolan Semeru,https://www.instagram.com/dolansemeru/,Sumbing,-,open trip (Yogyakarta),550000,1,3 hari,1,1,1,1,1,1,0,1,1,1,1,1,1,1,0,1,1,1,1,0,"HT, Sertifikat",1,"7-9 juni, 14-16 juni, 16-18 juni, 21-23 juni, 28-30 juni, 5-7 juli, 12-14 juli, 19-21 juli, 26-28 juli, 2-4 agustus, 9-11 agustus, 15-17 agustus, 16-18 agustus, 17-19 agustus, 23-25 agustus, 30 agustus-1 september, 6-8 september, 20-22 september, 27-29 september, 4-6 oktober, 11-13 oktober, 18-20 oktober, 25-27 oktober, 1-3 november, 8-10 november, 15-17 november, 22-24 november, 29-31 november, 6-8 desember, 13-15 desember, 20-22 desember, 22-24 desember, 23-25 desember, 24-26 desember, 25-27 desember, 26-28 desember, 27-29 desember, 28-30 desember, 29-31 desember, 30 desember - 1 januari, 31 desember - 1 januari ",Yogyakarta
67,Dolan Semeru,https://www.instagram.com/dolansemeru/,Sumbing,-,open trip (basecamp),350000,1,3 hari,1,1,1,1,1,1,0,1,1,1,1,1,1,1,0,1,1,1,1,0,"HT, Sertifikat",1,"7-9 juni, 14-16 juni, 16-18 juni, 21-23 juni, 28-30 juni, 5-7 juli, 12-14 juli, 19-21 juli, 26-28 juli, 2-4 agustus, 9-11 agustus, 15-17 agustus, 16-18 agustus, 17-19 agustus, 23-25 agustus, 30 agustus-1 september, 6-8 september, 20-22 september, 27-29 september, 4-6 oktober, 11-13 oktober, 18-20 oktober, 25-27 oktober, 1-3 november, 8-10 november, 15-17 november, 22-24 november, 29-31 november, 6-8 desember, 13-15 desember, 20-22 desember, 22-24 desember, 23-25 desember, 24-26 desember, 25-27 desember, 26-28 desember, 27-29 desember, 28-30 desember, 29-31 desember, 30 desember - 1 januari, 31 desember - 1 januari ",Basecamp
68,Dolan Semeru,https://www.instagram.com/dolansemeru/,Sindoro,-,Open Trip (jakarta),700000,1,3 hari,1,1,1,1,1,1,0,1,1,1,1,1,1,1,0,1,1,1,1,0,"HT, Sertifikat",1,"7-9 juni, 14-16 juni, 16-18 juni, 21-23 juni, 28-30 juni, 5-7 juli, 12-14 juli, 19-21 juli, 26-28 juli, 2-4 agustus, 9-11 agustus, 15-17 agustus, 16-18 agustus, 17-19 agustus, 23-25 agustus, 30 agustus-1 september, 6-8 september, 20-22 september, 27-29 september, 4-6 oktober, 11-13 oktober, 18-20 oktober, 25-27 oktober, 1-3 november, 8-10 november, 15-17 november, 22-24 november, 29-31 november, 6-8 desember, 13-15 desember, 20-22 desember, 22-24 desember, 23-25 desember, 24-26 desember, 25-27 desember, 26-28 desember, 27-29 desember, 28-30 desember, 29-31 desember, 30 desember - 1 januari, 31 desember - 1 januari ",Jakarta (Uki)
69,Dolan Semeru,https://www.instagram.com/dolansemeru/,Sindoro,-,open trip (Yogyakarta),550000,1,3 hari,1,1,1,1,1,1,0,1,1,1,1,1,1,1,0,1,1,1,1,0,"HT, Sertifikat",1,"7-9 juni, 14-16 juni, 16-18 juni, 21-23 juni, 28-30 juni, 5-7 juli, 12-14 juli, 19-21 juli, 26-28 juli, 2-4 agustus, 9-11 agustus, 15-17 agustus, 16-18 agustus, 17-19 agustus, 23-25 agustus, 30 agustus-1 september, 6-8 september, 20-22 september, 27-29 september, 4-6 oktober, 11-13 oktober, 18-20 oktober, 25-27 oktober, 1-3 november, 8-10 november, 15-17 november, 22-24 november, 29-31 november, 6-8 desember, 13-15 desember, 20-22 desember, 22-24 desember, 23-25 desember, 24-26 desember, 25-27 desember, 26-28 desember, 27-29 desember, 28-30 desember, 29-31 desember, 30 desember - 1 januari, 31 desember - 1 januari ",Yogyakarta
70,Dolan Semeru,https://www.instagram.com/dolansemeru/,Sindoro,-,open trip (basecamp),350000,1,3 hari,1,1,1,1,1,1,0,1,1,1,1,1,1,1,0,1,1,1,1,0,"HT, Sertifikat",1,"7-9 juni, 14-16 juni, 16-18 juni, 21-23 juni, 28-30 juni, 5-7 juli, 12-14 juli, 19-21 juli, 26-28 juli, 2-4 agustus, 9-11 agustus, 15-17 agustus, 16-18 agustus, 17-19 agustus, 23-25 agustus, 30 agustus-1 september, 6-8 september, 20-22 september, 27-29 september, 4-6 oktober, 11-13 oktober, 18-20 oktober, 25-27 oktober, 1-3 november, 8-10 november, 15-17 november, 22-24 november, 29-31 november, 6-8 desember, 13-15 desember, 20-22 desember, 22-24 desember, 23-25 desember, 24-26 desember, 25-27 desember, 26-28 desember, 27-29 desember, 28-30 desember, 29-31 desember, 30 desember - 1 januari, 31 desember - 1 januari ",Basecamp
71,Dolan Semeru,https://www.instagram.com/dolansemeru/,Prau,-,Open Trip (jakarta),650000,1,3 hari,1,1,1,1,1,1,0,1,1,1,1,1,1,1,0,1,1,1,1,0,"HT, Sertifikat",1,"7-9 juni, 14-16 juni, 16-18 juni, 21-23 juni, 28-30 juni, 5-7 juli, 12-14 juli, 19-21 juli, 26-28 juli, 2-4 agustus, 9-11 agustus, 15-17 agustus, 16-18 agustus, 17-19 agustus, 23-25 agustus, 30 agustus-1 september, 6-8 september, 20-22 september, 27-29 september, 4-6 oktober, 11-13 oktober, 18-20 oktober, 25-27 oktober, 1-3 november, 8-10 november, 15-17 november, 22-24 november, 29-31 november, 6-8 desember, 13-15 desember, 20-22 desember, 22-24 desember, 23-25 desember, 24-26 desember, 25-27 desember, 26-28 desember, 27-29 desember, 28-30 desember, 29-31 desember, 30 desember - 1 januari, 31 desember - 1 januari ",Jakarta (Uki)
72,Dolan Semeru,https://www.instagram.com/dolansemeru/,Prau,-,open trip (Yogyakarta),550000,1,3 hari,1,1,1,1,1,1,0,1,1,1,1,1,1,1,0,1,1,1,1,0,"HT, Sertifikat",1,"7-9 juni, 14-16 juni, 16-18 juni, 21-23 juni, 28-30 juni, 5-7 juli, 12-14 juli, 19-21 juli, 26-28 juli, 2-4 agustus, 9-11 agustus, 15-17 agustus, 16-18 agustus, 17-19 agustus, 23-25 agustus, 30 agustus-1 september, 6-8 september, 20-22 september, 27-29 september, 4-6 oktober, 11-13 oktober, 18-20 oktober, 25-27 oktober, 1-3 november, 8-10 november, 15-17 november, 22-24 november, 29-31 november, 6-8 desember, 13-15 desember, 20-22 desember, 22-24 desember, 23-25 desember, 24-26 desember, 25-27 desember, 26-28 desember, 27-29 desember, 28-30 desember, 29-31 desember, 30 desember - 1 januari, 31 desember - 1 januari ",Yogyakarta
73,Dolan Semeru,https://www.instagram.com/dolansemeru/,Prau,-,open trip (basecamp),350000,1,3 hari,1,1,1,1,1,1,0,1,1,1,1,1,1,1,0,1,1,1,1,0,"HT, Sertifikat",1,"7-9 juni, 14-16 juni, 16-18 juni, 21-23 juni, 28-30 juni, 5-7 juli, 12-14 juli, 19-21 juli, 26-28 juli, 2-4 agustus, 9-11 agustus, 15-17 agustus, 16-18 agustus, 17-19 agustus, 23-25 agustus, 30 agustus-1 september, 6-8 september, 20-22 september, 27-29 september, 4-6 oktober, 11-13 oktober, 18-20 oktober, 25-27 oktober, 1-3 november, 8-10 november, 15-17 november, 22-24 november, 29-31 november, 6-8 desember, 13-15 desember, 20-22 desember, 22-24 desember, 23-25 desember, 24-26 desember, 25-27 desember, 26-28 desember, 27-29 desember, 28-30 desember, 29-31 desember, 30 desember - 1 januari, 31 desember - 1 januari ",Basecamp
74,Dolan Semeru,https://www.instagram.com/dolansemeru/,Lawu,-,Open Trip (jakarta),800000,1,3 hari,1,1,1,1,1,1,0,1,1,1,1,1,1,1,0,1,1,1,1,0,"HT, Sertifikat",1,"7-9 juni, 14-16 juni, 16-18 juni, 21-23 juni, 28-30 juni, 5-7 juli, 12-14 juli, 19-21 juli, 26-28 juli, 2-4 agustus, 9-11 agustus, 15-17 agustus, 16-18 agustus, 17-19 agustus, 23-25 agustus, 30 agustus-1 september, 6-8 september, 20-22 september, 27-29 september, 4-6 oktober, 11-13 oktober, 18-20 oktober, 25-27 oktober, 1-3 november, 8-10 november, 15-17 november, 22-24 november, 29-31 november, 6-8 desember, 13-15 desember, 20-22 desember, 22-24 desember, 23-25 desember, 24-26 desember, 25-27 desember, 26-28 desember, 27-29 desember, 28-30 desember, 29-31 desember, 30 desember - 1 januari, 31 desember - 1 januari ",Jakarta (Uki)
75,Dolan Semeru,https://www.instagram.com/dolansemeru/,Lawu,-,open trip (Yogyakarta),600000,1,3 hari,1,1,1,1,1,1,0,1,1,1,1,1,1,1,0,1,1,1,1,0,"HT, Sertifikat",1,"7-9 juni, 14-16 juni, 16-18 juni, 21-23 juni, 28-30 juni, 5-7 juli, 12-14 juli, 19-21 juli, 26-28 juli, 2-4 agustus, 9-11 agustus, 15-17 agustus, 16-18 agustus, 17-19 agustus, 23-25 agustus, 30 agustus-1 september, 6-8 september, 20-22 september, 27-29 september, 4-6 oktober, 11-13 oktober, 18-20 oktober, 25-27 oktober, 1-3 november, 8-10 november, 15-17 november, 22-24 november, 29-31 november, 6-8 desember, 13-15 desember, 20-22 desember, 22-24 desember, 23-25 desember, 24-26 desember, 25-27 desember, 26-28 desember, 27-29 desember, 28-30 desember, 29-31 desember, 30 desember - 1 januari, 31 desember - 1 januari ",Yogyakarta
76,Dolan Semeru,https://www.instagram.com/dolansemeru/,Lawu,-,open trip (basecamp),400000,1,3 hari,1,1,1,1,1,1,0,1,1,1,1,1,1,1,0,1,1,1,1,0,"HT, Sertifikat",1,"7-9 juni, 14-16 juni, 16-18 juni, 21-23 juni, 28-30 juni, 5-7 juli, 12-14 juli, 19-21 juli, 26-28 juli, 2-4 agustus, 9-11 agustus, 15-17 agustus, 16-18 agustus, 17-19 agustus, 23-25 agustus, 30 agustus-1 september, 6-8 september, 20-22 september, 27-29 september, 4-6 oktober, 11-13 oktober, 18-20 oktober, 25-27 oktober, 1-3 november, 8-10 november, 15-17 november, 22-24 november, 29-31 november, 6-8 desember, 13-15 desember, 20-22 desember, 22-24 desember, 23-25 desember, 24-26 desember, 25-27 desember, 26-28 desember, 27-29 desember, 28-30 desember, 29-31 desember, 30 desember - 1 januari, 31 desember - 1 januari ",Basecamp
77,Sukun Adventure,https://www.instagram.com/sukun.adventure/,Merbabu,Suwanting,Mepo Surabaya,750000,1,2 hari 1 malam,1,0,1,1,0,1,0,1,0,0,1,1,1,0,0,1,1,0,1,0,"HT, jaminan sampah",0,"31-2 Juni, 7-9 Juni, 14-16 Juni, 21-23 Juni, 28-30 Juni, 5-7 Juli, 13-14 Juli, 19-21 Juli, 26-28 Juli, 2-4 Agustus, 9-11 Agustus, 16-18 Agustus, 23-25 Agustus, 30 Agustus-1 September, 6-8 September, 13-15 September, 20-22 September, 27-29 September, 4-6 Oktober, 11-13 Oktober, 18-20 Oktober, 25-27 Oktober, 1-3 November, 8-10 November, 15-17 November, 22-24 November, 29 November -1 Desember, 6-8 Desember, 13-15 Desember, 20-22 Desember, 24-26 Desember, 30 Desember-1 Januari",Terminal Bungurasih
78,Sukun Adventure,https://www.instagram.com/sukun.adventure/,Merbabu,Suwanting,Mepo Malang,825000,1,2 hari 1 malam,1,0,1,1,0,1,0,1,0,0,1,1,1,0,0,1,1,0,1,0,"HT, jaminan sampah",0,"31-2 Juni, 7-9 Juni, 14-16 Juni, 21-23 Juni, 28-30 Juni, 5-7 Juli, 13-14 Juli, 19-21 Juli, 26-28 Juli, 2-4 Agustus, 9-11 Agustus, 16-18 Agustus, 23-25 Agustus, 30 Agustus-1 September, 6-8 September, 13-15 September, 20-22 September, 27-29 September, 4-6 Oktober, 11-13 Oktober, 18-20 Oktober, 25-27 Oktober, 1-3 November, 8-10 November, 15-17 November, 22-24 November, 29 November -1 Desember, 6-8 Desember, 13-15 Desember, 20-22 Desember, 24-26 Desember, 30 Desember-1 Januari",Arjosari
79,Sukun Adventure,https://www.instagram.com/sukun.adventure/,Sindoro,Kledung,Mepo Surabaya,750000,1,2 hari 1 malam,1,0,1,1,0,1,0,1,0,0,1,1,1,0,0,1,1,0,1,0,"HT, jaminan sampah",0,"31-2 Juni, 7-9 Juni, 14-16 Juni, 21-23 Juni, 28-30 Juni, 5-7 Juli, 13-14 Juli, 19-21 Juli, 26-28 Juli, 2-4 Agustus, 9-11 Agustus, 16-18 Agustus, 23-25 Agustus, 30 Agustus-1 September, 6-8 September, 13-15 September, 20-22 September, 27-29 September, 4-6 Oktober, 11-13 Oktober, 18-20 Oktober, 25-27 Oktober, 1-3 November, 8-10 November, 15-17 November, 22-24 November, 29 November -1 Desember, 6-8 Desember, 13-15 Desember, 20-22 Desember, 24-26 Desember, 30 Desember-1 Januari",Terminal Bungurasih
80,Sukun Adventure,https://www.instagram.com/sukun.adventure/,Sindoro,Kledung,Mepo Malang,825000,1,2 hari 1 malam,1,0,1,1,0,1,0,1,0,0,1,1,1,0,0,1,1,0,1,0,"HT, jaminan sampah",0,"31-2 Juni, 7-9 Juni, 14-16 Juni, 21-23 Juni, 28-30 Juni, 5-7 Juli, 13-14 Juli, 19-21 Juli, 26-28 Juli, 2-4 Agustus, 9-11 Agustus, 16-18 Agustus, 23-25 Agustus, 30 Agustus-1 September, 6-8 September, 13-15 September, 20-22 September, 27-29 September, 4-6 Oktober, 11-13 Oktober, 18-20 Oktober, 25-27 Oktober, 1-3 November, 8-10 November, 15-17 November, 22-24 November, 29 November -1 Desember, 6-8 Desember, 13-15 Desember, 20-22 Desember, 24-26 Desember, 30 Desember-1 Januari",Arjosari
81,Sukun Adventure,https://www.instagram.com/sukun.adventure/,Sumbing,Garung,Mepo Surabaya,750000,1,2 hari 1 malam,1,0,1,1,0,1,0,1,0,0,1,1,1,0,0,1,1,0,1,0,"HT, jaminan sampah",0,"31-2 Juni, 7-9 Juni, 14-16 Juni, 21-23 Juni, 28-30 Juni, 5-7 Juli, 13-14 Juli, 19-21 Juli, 26-28 Juli, 2-4 Agustus, 9-11 Agustus, 16-18 Agustus, 23-25 Agustus, 30 Agustus-1 September, 6-8 September, 13-15 September, 20-22 September, 27-29 September, 4-6 Oktober, 11-13 Oktober, 18-20 Oktober, 25-27 Oktober, 1-3 November, 8-10 November, 15-17 November, 22-24 November, 29 November -1 Desember, 6-8 Desember, 13-15 Desember, 20-22 Desember, 24-26 Desember, 30 Desember-1 Januari",Terminal Bungurasih
82,Sukun Adventure,https://www.instagram.com/sukun.adventure/,Sumbing,Garung,Mepo Malang,825000,1,2 hari 1 malam,1,0,1,1,0,1,0,1,0,0,1,1,1,0,0,1,1,0,1,0,"HT, jaminan sampah",0,"31-2 Juni, 7-9 Juni, 14-16 Juni, 21-23 Juni, 28-30 Juni, 5-7 Juli, 13-14 Juli, 19-21 Juli, 26-28 Juli, 2-4 Agustus, 9-11 Agustus, 16-18 Agustus, 23-25 Agustus, 30 Agustus-1 September, 6-8 September, 13-15 September, 20-22 September, 27-29 September, 4-6 Oktober, 11-13 Oktober, 18-20 Oktober, 25-27 Oktober, 1-3 November, 8-10 November, 15-17 November, 22-24 November, 29 November -1 Desember, 6-8 Desember, 13-15 Desember, 20-22 Desember, 24-26 Desember, 30 Desember-1 Januari",Arjosari
83,Sukun Adventure,https://www.instagram.com/sukun.adventure/,Prau,Wates,Mepo Surabaya,750000,1,2 hari 1 malam,1,0,1,1,0,1,0,1,0,0,1,1,1,0,0,1,1,0,1,0,"HT, jaminan sampah",0,"31-2 Juni, 7-9 Juni, 14-16 Juni, 21-23 Juni, 28-30 Juni, 5-7 Juli, 13-14 Juli, 19-21 Juli, 26-28 Juli, 2-4 Agustus, 9-11 Agustus, 16-18 Agustus, 23-25 Agustus, 30 Agustus-1 September, 6-8 September, 13-15 September, 20-22 September, 27-29 September, 4-6 Oktober, 11-13 Oktober, 18-20 Oktober, 25-27 Oktober, 1-3 November, 8-10 November, 15-17 November, 22-24 November, 29 November -1 Desember, 6-8 Desember, 13-15 Desember, 20-22 Desember, 24-26 Desember, 30 Desember-1 Januari",Terminal Bungurasih
84,Sukun Adventure,https://www.instagram.com/sukun.adventure/,Prau,Wates,Mepo Malang,825000,1,2 hari 1 malam,1,0,1,1,0,1,0,1,0,0,1,1,1,0,0,1,1,0,1,0,"HT, jaminan sampah",0,"31-2 Juni, 7-9 Juni, 14-16 Juni, 21-23 Juni, 28-30 Juni, 5-7 Juli, 13-14 Juli, 19-21 Juli, 26-28 Juli, 2-4 Agustus, 9-11 Agustus, 16-18 Agustus, 23-25 Agustus, 30 Agustus-1 September, 6-8 September, 13-15 September, 20-22 September, 27-29 September, 4-6 Oktober, 11-13 Oktober, 18-20 Oktober, 25-27 Oktober, 1-3 November, 8-10 November, 15-17 November, 22-24 November, 29 November -1 Desember, 6-8 Desember, 13-15 Desember, 20-22 Desember, 24-26 Desember, 30 Desember-1 Januari",Arjosari
85,Jejak Pak Eko Raung,https://www.instagram.com/raung.jejakpakeko/,Raung,Kalibaru,A,399000,1,3 hari,0,0,1,1,0,0,0,1,0,0,0,0,0,0,0,0,0,0,0,0,"alat climbing, merchandise gunung raung, waisata air terjun tirto kemanten, uang jaminan sampah, sertifikat",0,"6-8 Juni, 7-8 Juni, 11-13 Juni,  14-16 Juni, 15-17 Juni, 16-18 Juni,  17-19 Juni, 21-23 Juni, 28-30 Juni, 5-7 Juli, 12-14 Juli,19-21 Juli, 26-28 Juli, 2-4 Agustus, 9-11 Agustus, 16-18 Agustus, 17-18 Agustus, 23-25 Agustus, 30 Agustus - 1 September",Basecamp
86,Jejak Pak Eko Raung,https://www.instagram.com/raung.jejakpakeko/,Raung,Kalibaru,B,729000,1,3 hari,1,1,1,1,1,1,0,1,0,0,1,1,0,0,0,0,0,0,1,0,"alat climbing, merchandise gunung raung, waisata air terjun tirto kemanten, uang jaminan sampah, sertifikat",0,"6-8 Juni, 7-8 Juni, 11-13 Juni,  14-16 Juni, 15-17 Juni, 16-18 Juni,  17-19 Juni, 21-23 Juni, 28-30 Juni, 5-7 Juli, 12-14 Juli,19-21 Juli, 26-28 Juli, 2-4 Agustus, 9-11 Agustus, 16-18 Agustus, 17-18 Agustus, 23-25 Agustus, 30 Agustus - 1 September",Stasiun Kalibaru
87,Jejak Pak Eko Raung,https://www.instagram.com/raung.jejakpakeko/,Raung,Kalibaru,C,1999000,3,3 hari,1,1,1,1,1,1,0,1,1,0,1,1,0,0,1,1,0,0,1,0,"alat climbing, merchandise gunung raung, waisata air terjun tirto kemanten, uang jaminan sampah, sertifikat",0,"6-8 Juni, 7-8 Juni, 11-13 Juni,  14-16 Juni, 15-17 Juni, 16-18 Juni,  17-19 Juni, 21-23 Juni, 28-30 Juni, 5-7 Juli, 12-14 Juli,19-21 Juli, 26-28 Juli, 2-4 Agustus, 9-11 Agustus, 16-18 Agustus, 17-18 Agustus, 23-25 Agustus, 30 Agustus - 1 September",Stasiun Kalibaru
88,Kadal Gunung Adventure,https://www.instagram.com/kadalgunung.weleri/,Lawu,Cetho,Mepo Basecamp,250000,1,3 hari,0,1,0,0,0,1,0,1,1,0,1,1,0,1,0,0,1,1,0,0,"Stiker, doorprize,",0,12-14 Juni,Basecamp
89,Kadal Gunung Adventure,https://www.instagram.com/kadalgunung.weleri/,Lawu,Cetho,"Mepo Jogja, JAteng",410000,1,3 hari,1,1,0,0,0,1,0,1,1,0,1,1,0,1,0,0,1,1,0,0,"Stiker, doorprize,",0,12-14 Juni,"Batang, kendal, Semarang, Jogja"
90,Kadal Gunung Adventure,https://www.instagram.com/kadalgunung.weleri/,Merbabu,Suwanting,Mepo Basecamp,350000,1,3 hari,0,1,0,1,1,1,0,1,1,0,1,1,0,1,0,0,1,0,0,0,"Ojek naik, HT team, Stiker",1,10-12 Juni,Basecamp
91,Hans To Adventure,https://www.instagram.com/hans.toadventure/,Salak,Ajisaka,One Day trip (Mepo Bogor),280000,1,1 hari,1,1,0,1,0,1,0,0,0,0,0,0,0,0,0,0,1,0,0,0,Stiker,0,16 Juni,Bogor
92,Hans To Adventure,https://www.instagram.com/hans.toadventure/,Salak,Ajisaka,One Day Trip (Mepo Basecamp),200000,1,1 hari,1,1,0,1,0,1,0,0,0,0,0,0,0,0,0,0,1,0,0,0,"Stiker, Parkir",0,16 Juni,Basecamp
93,Hans To Adventure,https://www.instagram.com/hans.toadventure/,Merbabu,Selo,A,400000,1,3 hari,1,1,1,1,0,0,0,1,0,0,0,1,0,0,0,0,0,0,0,0,Stiker,0,"7-9 Juni, 21-23 Juni, 28-30 Juni","Sukabumi, Bogor, Jakarta, Bekasi, Cikarang, Karawang, Basecamp"
94,Hans To Adventure,https://www.instagram.com/hans.toadventure/,Merbabu,Selo,B,600000,1,3 hari,1,1,1,1,0,1,0,1,0,0,1,1,0,0,0,0,1,0,0,0,Stiker,0,"7-9 Juni, 21-23 Juni, 28-30 Juni","Sukabumi, Bogor, Jakarta, Bekasi, Cikarang, Karawang, Basecamp"
95,Hans To Adventure,https://www.instagram.com/hans.toadventure/,Lawu,Cetho,A,430000,1,3 hari,1,1,1,1,0,0,0,1,0,0,0,1,0,0,0,0,0,0,0,0,Stiker,0,28-30 Juni,"Sukabumi, Bogor, Jakarta, Bekasi, Cikarang, Karawang, Basecamp"
96,Hans To Adventure,https://www.instagram.com/hans.toadventure/,Lawu,Cetho,B,550000,1,3 hari,1,1,1,1,0,1,0,1,0,0,1,1,0,0,0,0,1,0,0,0,Stiker,0,28-30 Juni,"Sukabumi, Bogor, Jakarta, Bekasi, Cikarang, Karawang, Basecamp"
97,Hans To Adventure,https://www.instagram.com/hans.toadventure/,Prau,Wates,A,370000,1,3 hari,1,1,1,1,0,0,0,1,0,0,0,1,0,0,0,0,0,0,0,0,Stiker,0,28-30 Juni,"Sukabumi, Bogor, Jakarta, Bekasi, Cikarang, Karawang, Subang, Basecamp"
98,Hans To Adventure,https://www.instagram.com/hans.toadventure/,Prau,Wates,B,550000,1,3 hari,1,1,1,1,0,1,0,1,0,0,1,1,0,0,0,0,1,0,0,0,Stiker,0,28-30 Juni,"Sukabumi, Bogor, Jakarta, Bekasi, Cikarang, Karawang, Subang, Basecamp"
99,Hans To Adventure,https://www.instagram.com/hans.toadventure/,Merbabu,Suwanting,A,450000,1,3 hari,1,1,1,1,0,0,0,1,0,0,0,1,0,0,0,0,0,0,0,0,Stiker,0,28-30 Juni,"Sukabumi, Bogor, Jakarta, Bekasi, Cikarang, Karawang, Basecamp"
100,Hans To Adventure,https://www.instagram.com/hans.toadventure/,Merbabu,Suwanting,B,600000,1,3 hari,1,1,1,1,0,1,0,1,0,0,1,1,0,0,0,0,1,0,0,0,Stiker,0,28-30 Juni,"Sukabumi, Bogor, Jakarta, Bekasi, Cikarang, Karawang, Basecamp"
101,Hans To Adventure,https://www.instagram.com/hans.toadventure/,Sumbing,Garung,A,370000,1,3 hari,1,1,1,1,0,0,0,1,0,0,0,0,0,0,0,0,0,0,0,0,Stiker,0,28-30 Juni,"Sukabumi, Bogor, Jakarta, Bekasi, Cikarang, Karawang, Subang, Basecamp"
102,Hans To Adventure,https://www.instagram.com/hans.toadventure/,Sumbing,Garung,B,550000,1,3 hari,1,1,1,1,1,1,0,1,0,0,1,1,0,0,0,0,1,0,0,0,Stiker,0,28-30 Juni,"Sukabumi, Bogor, Jakarta, Bekasi, Cikarang, Karawang, Subang, Basecamp"
103,Hans To Adventure,https://www.instagram.com/hans.toadventure/,Sindoro,Kledung,A,370000,1,3 hari,1,1,1,1,0,0,0,1,0,0,0,0,0,0,0,0,0,0,0,0,Stiker,0,28-30 Juni,"Sukabumi, Bogor, Jakarta, Bekasi, Cikarang, Karawang, Subang, Basecamp"
104,Hans To Adventure,https://www.instagram.com/hans.toadventure/,Sindoro,Kledung,B,550000,1,3 hari,1,1,1,1,1,1,0,1,0,0,1,1,0,0,0,0,1,0,0,0,Stiker,0,28-30 Juni,"Sukabumi, Bogor, Jakarta, Bekasi, Cikarang, Karawang, Subang, Basecamp"
105,Eppala Adventure,https://www.instagram.com/eppalaadventureindonesia/,Papandayan,Camp David,One Day Trip,350000,1,1 hari,1,0,1,1,1,0,1,0,0,0,0,0,0,0,0,0,0,0,0,0,-,0,"8, 15, 22, 29 Juni; 6, 13, 20, 27 Juli; 3, 10, 17, 24, 31 Agustus; 7, 14, 21, 28 September, 5, 12, 19, 26 Oktober; 2, 9, 16, 23, 30 November, 7, 14, 21, 24, 25, 26, 31 Desember","Bogor, jakarta, Bekasi, Karawang"
106,Eppala Adventure,https://www.instagram.com/eppalaadventureindonesia/,Papandayan,Camp David,Full Trip,630000,1,2 hari 1 malam,1,1,1,1,1,1,0,0,0,0,1,1,1,0,0,0,1,0,0,0,HT,0,"14-16 Juni, 21-23 Juni, 28-30 Juni, 5-7 Juli, 12-14 Juli, 19-21 Juli, 26-28 Juli, 2-4 Agustus, 9-11 Agustus, 16-18 Agustus, 23-25 Agustus, 30 Agustus -1 September, 6-8 September, 13-15 September, 20-22 September, 27-29 September, 4-6 Oktober, 11-13 Oktober, 18-20 Oktober, 25-27 Oktober, 1-3 November, 8-10 November, 15-17 November, 22-24 November, 29 November -1 Desember, 6-8 Desember, 13-15 Desember, 20-22 Desember, 23-25 Desember, 24-26 Desember, 29-31 Desember, 30 Desember -1 Jan 2026","Bogor, jakarta, Bekasi, Karawang"
107,Eppala Adventure,https://www.instagram.com/eppalaadventureindonesia/,Papandayan,Camp David,Mepo Basecamp,400000,1,2 hari 1 malam,0,1,1,1,1,1,0,0,0,0,1,1,1,0,0,0,1,0,0,0,HT,0,"14-16 Juni, 21-23 Juni, 28-30 Juni, 5-7 Juli, 12-14 Juli, 19-21 Juli, 26-28 Juli, 2-4 Agustus, 9-11 Agustus, 16-18 Agustus, 23-25 Agustus, 30 Agustus -1 September, 6-8 September, 13-15 September, 20-22 September, 27-29 September, 4-6 Oktober, 11-13 Oktober, 18-20 Oktober, 25-27 Oktober, 1-3 November, 8-10 November, 15-17 November, 22-24 November, 29 November -1 Desember, 6-8 Desember, 13-15 Desember, 20-22 Desember, 23-25 Desember, 24-26 Desember, 29-31 Desember, 30 Desember -1 Jan 2027",Basecamp
108,Eppala Adventure,https://www.instagram.com/eppalaadventureindonesia/,Gede,Putri,Mepo Jakarta Bogor,600000,1,2 hari 1 malam,1,1,1,1,0,1,0,1,1,0,1,1,1,0,0,0,1,0,0,0,"HT, Merchandise",1,"14-16 Juni, 21-23 Juni, 28-30 Juni, 5-7 Juli, 12-14 Juli, 19-21 Juli, 26-28 Juli, 2-4 Agustus, 9-11 Agustus, 16-18 Agustus, 23-25 Agustus, 30 Agustus -1 September, 6-8 September, 13-15 September, 20-22 September, 27-29 September, 4-6 Oktober, 11-13 Oktober, 18-20 Oktober, 25-27 Oktober, 1-3 November, 8-10 November, 15-17 November, 22-24 November, 29 November -1 Desember, 6-8 Desember, 13-15 Desember, 20-22 Desember, 23-25 Desember, 24-26 Desember, 29-31 Desember, 30 Desember -1 Jan 2028","Jakarta, Bogor"
109,Eppala Adventure,https://www.instagram.com/eppalaadventureindonesia/,Gede,Putri,Mepo Basecamp,395000,1,2 hari 1 malam,0,1,1,1,0,1,0,1,1,0,1,1,1,0,0,0,1,0,0,0,"HT, Merchandise",1,"14-16 Juni, 21-23 Juni, 28-30 Juni, 5-7 Juli, 12-14 Juli, 19-21 Juli, 26-28 Juli, 2-4 Agustus, 9-11 Agustus, 16-18 Agustus, 23-25 Agustus, 30 Agustus -1 September, 6-8 September, 13-15 September, 20-22 September, 27-29 September, 4-6 Oktober, 11-13 Oktober, 18-20 Oktober, 25-27 Oktober, 1-3 November, 8-10 November, 15-17 November, 22-24 November, 29 November -1 Desember, 6-8 Desember, 13-15 Desember, 20-22 Desember, 23-25 Desember, 24-26 Desember, 29-31 Desember, 30 Desember -1 Jan 2029",Basecamp
110,Eppala Adventure,https://www.instagram.com/eppalaadventureindonesia/,Ciremai,Apuy,Full Trip,650000,1,2 hari 1 malam,1,1,1,1,1,1,0,1,1,0,1,1,1,0,0,0,1,0,0,0,"HT, Surat Sehat, Chef Gunung",0,"14-16 Juni, 21-23 Juni, 28-30 Juni, 5-7 Juli, 12-14 Juli, 19-21 Juli, 26-28 Juli, 2-4 Agustus, 9-11 Agustus, 16-18 Agustus, 23-25 Agustus, 30 Agustus -1 September, 6-8 September, 13-15 September, 20-22 September, 27-29 September, 4-6 Oktober, 11-13 Oktober, 18-20 Oktober, 25-27 Oktober, 1-3 November, 8-10 November, 15-17 November, 22-24 November, 29 November -1 Desember, 6-8 Desember, 13-15 Desember, 20-22 Desember, 23-25 Desember, 24-26 Desember, 29-31 Desember, 30 Desember -1 Jan 2030","Bogor, jakarta, Bekasi, Karawang"
111,Eppala Adventure,https://www.instagram.com/eppalaadventureindonesia/,Ciremai,Apuy,Mepo Basecamp,375000,1,2 hari 1 malam,0,1,1,1,1,1,0,1,1,0,1,1,1,0,0,0,1,0,0,0,"HT, Surat Sehat, Chef Gunung",0,"14-16 Juni, 21-23 Juni, 28-30 Juni, 5-7 Juli, 12-14 Juli, 19-21 Juli, 26-28 Juli, 2-4 Agustus, 9-11 Agustus, 16-18 Agustus, 23-25 Agustus, 30 Agustus -1 September, 6-8 September, 13-15 September, 20-22 September, 27-29 September, 4-6 Oktober, 11-13 Oktober, 18-20 Oktober, 25-27 Oktober, 1-3 November, 8-10 November, 15-17 November, 22-24 November, 29 November -1 Desember, 6-8 Desember, 13-15 Desember, 20-22 Desember, 23-25 Desember, 24-26 Desember, 29-31 Desember, 30 Desember -1 Jan 2031",Basecamp
112,Eppala Adventure,https://www.instagram.com/eppalaadventureindonesia/,Ciremai,Apuy,Sharecost,400000,1,2 hari 1 malam,1,1,0,0,0,0,0,0,0,0,0,0,0,0,0,0,0,0,0,0,-,0,"14-16 Juni, 21-23 Juni, 28-30 Juni, 5-7 Juli, 12-14 Juli, 19-21 Juli, 26-28 Juli, 2-4 Agustus, 9-11 Agustus, 16-18 Agustus, 23-25 Agustus, 30 Agustus -1 September, 6-8 September, 13-15 September, 20-22 September, 27-29 September, 4-6 Oktober, 11-13 Oktober, 18-20 Oktober, 25-27 Oktober, 1-3 November, 8-10 November, 15-17 November, 22-24 November, 29 November -1 Desember, 6-8 Desember, 13-15 Desember, 20-22 Desember, 23-25 Desember, 24-26 Desember, 29-31 Desember, 30 Desember -1 Jan 2032","Bogor, jakarta, Bekasi, Karawang"
113,Eppala Adventure,https://www.instagram.com/eppalaadventureindonesia/,Slamet,Bambangan,Full Trip,650000,1,2 hari 1 malam,1,1,1,1,1,1,0,1,1,0,1,1,1,0,0,0,1,0,0,0,"HT, Chef Gunung",0,"14-16 Juni, 21-23 Juni, 28-30 Juni, 5-7 Juli, 12-14 Juli, 19-21 Juli, 26-28 Juli, 2-4 Agustus, 9-11 Agustus, 16-18 Agustus, 23-25 Agustus, 30 Agustus -1 September, 6-8 September, 13-15 September, 20-22 September, 27-29 September, 4-6 Oktober, 11-13 Oktober, 18-20 Oktober, 25-27 Oktober, 1-3 November, 8-10 November, 15-17 November, 22-24 November, 29 November -1 Desember, 6-8 Desember, 13-15 Desember, 20-22 Desember, 23-25 Desember, 24-26 Desember, 29-31 Desember, 30 Desember -1 Jan 2033","Bogor, jakarta, Bekasi, Karawang"
114,Eppala Adventure,https://www.instagram.com/eppalaadventureindonesia/,Slamet,Bambangan,Mepo Basecamp,375000,1,2 hari 1 malam,0,1,1,1,1,1,0,1,1,0,1,1,1,0,0,0,1,0,0,0,"HT, Chef Gunung",0,"14-16 Juni, 21-23 Juni, 28-30 Juni, 5-7 Juli, 12-14 Juli, 19-21 Juli, 26-28 Juli, 2-4 Agustus, 9-11 Agustus, 16-18 Agustus, 23-25 Agustus, 30 Agustus -1 September, 6-8 September, 13-15 September, 20-22 September, 27-29 September, 4-6 Oktober, 11-13 Oktober, 18-20 Oktober, 25-27 Oktober, 1-3 November, 8-10 November, 15-17 November, 22-24 November, 29 November -1 Desember, 6-8 Desember, 13-15 Desember, 20-22 Desember, 23-25 Desember, 24-26 Desember, 29-31 Desember, 30 Desember -1 Jan 2034",Basecamp
115,Eppala Adventure,https://www.instagram.com/eppalaadventureindonesia/,Slamet,Bambangan,Sharecost,450000,1,2 hari 1 malam,1,1,0,0,0,0,0,0,0,0,0,0,0,0,0,0,0,0,0,0,-,0,"14-16 Juni, 21-23 Juni, 28-30 Juni, 5-7 Juli, 12-14 Juli, 19-21 Juli, 26-28 Juli, 2-4 Agustus, 9-11 Agustus, 16-18 Agustus, 23-25 Agustus, 30 Agustus -1 September, 6-8 September, 13-15 September, 20-22 September, 27-29 September, 4-6 Oktober, 11-13 Oktober, 18-20 Oktober, 25-27 Oktober, 1-3 November, 8-10 November, 15-17 November, 22-24 November, 29 November -1 Desember, 6-8 Desember, 13-15 Desember, 20-22 Desember, 23-25 Desember, 24-26 Desember, 29-31 Desember, 30 Desember -1 Jan 2035","Bogor, jakarta, Bekasi, Karawang"
116,Eppala Adventure,https://www.instagram.com/eppalaadventureindonesia/,Sindoro,Kledung,Full Trip,650000,1,2 hari 1 malam,1,1,1,1,1,1,0,0,0,1,1,1,1,0,0,0,1,0,0,0,"HT,  E-Sertifikat",0,"14-16 Juni, 21-23 Juni, 28-30 Juni, 5-7 Juli, 12-14 Juli, 19-21 Juli, 26-28 Juli, 2-4 Agustus, 9-11 Agustus, 16-18 Agustus, 23-25 Agustus, 30 Agustus -1 September, 6-8 September, 13-15 September, 20-22 September, 27-29 September, 4-6 Oktober, 11-13 Oktober, 18-20 Oktober, 25-27 Oktober, 1-3 November, 8-10 November, 15-17 November, 22-24 November, 29 November -1 Desember, 6-8 Desember, 13-15 Desember, 20-22 Desember, 23-25 Desember, 24-26 Desember, 29-31 Desember, 30 Desember -1 Jan 2036","Bogor, jakarta, Bekasi, Karawang"
117,Eppala Adventure,https://www.instagram.com/eppalaadventureindonesia/,Sindoro,Kledung,Mepo Basecamp,350000,1,2 hari 1 malam,0,1,1,1,1,1,0,0,0,1,1,1,1,0,0,0,1,0,0,0,"HT,  E-Sertifikat",0,"14-16 Juni, 21-23 Juni, 28-30 Juni, 5-7 Juli, 12-14 Juli, 19-21 Juli, 26-28 Juli, 2-4 Agustus, 9-11 Agustus, 16-18 Agustus, 23-25 Agustus, 30 Agustus -1 September, 6-8 September, 13-15 September, 20-22 September, 27-29 September, 4-6 Oktober, 11-13 Oktober, 18-20 Oktober, 25-27 Oktober, 1-3 November, 8-10 November, 15-17 November, 22-24 November, 29 November -1 Desember, 6-8 Desember, 13-15 Desember, 20-22 Desember, 23-25 Desember, 24-26 Desember, 29-31 Desember, 30 Desember -1 Jan 2037",Basecamp
118,Eppala Adventure,https://www.instagram.com/eppalaadventureindonesia/,Sindoro,Kledung,Sharecost,450000,1,2 hari 1 malam,1,1,0,0,0,0,0,0,0,0,0,0,0,0,0,0,0,0,0,0,-,0,"14-16 Juni, 21-23 Juni, 28-30 Juni, 5-7 Juli, 12-14 Juli, 19-21 Juli, 26-28 Juli, 2-4 Agustus, 9-11 Agustus, 16-18 Agustus, 23-25 Agustus, 30 Agustus -1 September, 6-8 September, 13-15 September, 20-22 September, 27-29 September, 4-6 Oktober, 11-13 Oktober, 18-20 Oktober, 25-27 Oktober, 1-3 November, 8-10 November, 15-17 November, 22-24 November, 29 November -1 Desember, 6-8 Desember, 13-15 Desember, 20-22 Desember, 23-25 Desember, 24-26 Desember, 29-31 Desember, 30 Desember -1 Jan 2038","Bogor, jakarta, Bekasi, Karawang"
119,Eppala Adventure,https://www.instagram.com/eppalaadventureindonesia/,Sumbing,Garung,Full Trip,650000,1,2 hari 1 malam,1,1,1,1,1,1,0,0,0,1,1,1,1,0,0,0,1,0,0,0,"HT,  E-Sertifikat",0,"14-16 Juni, 21-23 Juni, 28-30 Juni, 5-7 Juli, 12-14 Juli, 19-21 Juli, 26-28 Juli, 2-4 Agustus, 9-11 Agustus, 16-18 Agustus, 23-25 Agustus, 30 Agustus -1 September, 6-8 September, 13-15 September, 20-22 September, 27-29 September, 4-6 Oktober, 11-13 Oktober, 18-20 Oktober, 25-27 Oktober, 1-3 November, 8-10 November, 15-17 November, 22-24 November, 29 November -1 Desember, 6-8 Desember, 13-15 Desember, 20-22 Desember, 23-25 Desember, 24-26 Desember, 29-31 Desember, 30 Desember -1 Jan 2039","Bogor, jakarta, Bekasi, Karawang"
120,Eppala Adventure,https://www.instagram.com/eppalaadventureindonesia/,Sumbing,Garung,Mepo Basecamp,350000,1,2 hari 1 malam,0,1,1,1,1,1,0,0,0,1,1,1,1,0,0,0,1,0,0,0,"HT,  E-Sertifikat",0,"14-16 Juni, 21-23 Juni, 28-30 Juni, 5-7 Juli, 12-14 Juli, 19-21 Juli, 26-28 Juli, 2-4 Agustus, 9-11 Agustus, 16-18 Agustus, 23-25 Agustus, 30 Agustus -1 September, 6-8 September, 13-15 September, 20-22 September, 27-29 September, 4-6 Oktober, 11-13 Oktober, 18-20 Oktober, 25-27 Oktober, 1-3 November, 8-10 November, 15-17 November, 22-24 November, 29 November -1 Desember, 6-8 Desember, 13-15 Desember, 20-22 Desember, 23-25 Desember, 24-26 Desember, 29-31 Desember, 30 Desember -1 Jan 2040",Basecamp
121,Eppala Adventure,https://www.instagram.com/eppalaadventureindonesia/,Sumbing,Garung,Sharecost,450000,1,2 hari 1 malam,1,1,0,0,0,0,0,0,0,0,0,0,0,0,0,0,0,0,0,0,-,0,"14-16 Juni, 21-23 Juni, 28-30 Juni, 5-7 Juli, 12-14 Juli, 19-21 Juli, 26-28 Juli, 2-4 Agustus, 9-11 Agustus, 16-18 Agustus, 23-25 Agustus, 30 Agustus -1 September, 6-8 September, 13-15 September, 20-22 September, 27-29 September, 4-6 Oktober, 11-13 Oktober, 18-20 Oktober, 25-27 Oktober, 1-3 November, 8-10 November, 15-17 November, 22-24 November, 29 November -1 Desember, 6-8 Desember, 13-15 Desember, 20-22 Desember, 23-25 Desember, 24-26 Desember, 29-31 Desember, 30 Desember -1 Jan 2041","Bogor, jakarta, Bekasi, Karawang"
122,Eppala Adventure,https://www.instagram.com/eppalaadventureindonesia/,Prau,Wates,Full Trip,650000,1,2 hari 1 malam,1,1,1,1,0,1,0,0,1,0,1,1,1,0,0,0,1,0,0,0,"HT, E-Sertifikat, Chef Gunung",0,"14-16 Juni, 21-23 Juni, 28-30 Juni, 5-7 Juli, 12-14 Juli, 19-21 Juli, 26-28 Juli, 2-4 Agustus, 9-11 Agustus, 16-18 Agustus, 23-25 Agustus, 30 Agustus -1 September, 6-8 September, 13-15 September, 20-22 September, 27-29 September, 4-6 Oktober, 11-13 Oktober, 18-20 Oktober, 25-27 Oktober, 1-3 November, 8-10 November, 15-17 November, 22-24 November, 29 November -1 Desember, 6-8 Desember, 13-15 Desember, 20-22 Desember, 23-25 Desember, 24-26 Desember, 29-31 Desember, 30 Desember -1 Jan 2042","Bogor, jakarta, Bekasi, Karawang"
123,Eppala Adventure,https://www.instagram.com/eppalaadventureindonesia/,Prau,Wates,Mepo Basecamp,350000,1,2 hari 1 malam,0,1,1,1,0,1,0,0,1,0,1,1,1,0,0,0,1,0,0,0,"HT, E-Sertifikat, Chef Gunung",0,"14-16 Juni, 21-23 Juni, 28-30 Juni, 5-7 Juli, 12-14 Juli, 19-21 Juli, 26-28 Juli, 2-4 Agustus, 9-11 Agustus, 16-18 Agustus, 23-25 Agustus, 30 Agustus -1 September, 6-8 September, 13-15 September, 20-22 September, 27-29 September, 4-6 Oktober, 11-13 Oktober, 18-20 Oktober, 25-27 Oktober, 1-3 November, 8-10 November, 15-17 November, 22-24 November, 29 November -1 Desember, 6-8 Desember, 13-15 Desember, 20-22 Desember, 23-25 Desember, 24-26 Desember, 29-31 Desember, 30 Desember -1 Jan 2043",Basecamp
124,Eppala Adventure,https://www.instagram.com/eppalaadventureindonesia/,Prau,Wates,Sharecost,450000,1,2 hari 1 malam,1,1,0,0,0,0,0,0,0,0,0,0,0,0,0,0,0,0,0,0,-,0,"14-16 Juni, 21-23 Juni, 28-30 Juni, 5-7 Juli, 12-14 Juli, 19-21 Juli, 26-28 Juli, 2-4 Agustus, 9-11 Agustus, 16-18 Agustus, 23-25 Agustus, 30 Agustus -1 September, 6-8 September, 13-15 September, 20-22 September, 27-29 September, 4-6 Oktober, 11-13 Oktober, 18-20 Oktober, 25-27 Oktober, 1-3 November, 8-10 November, 15-17 November, 22-24 November, 29 November -1 Desember, 6-8 Desember, 13-15 Desember, 20-22 Desember, 23-25 Desember, 24-26 Desember, 29-31 Desember, 30 Desember -1 Jan 2044","Bogor, jakarta, Bekasi, Karawang"
125,Eppala Adventure,https://www.instagram.com/eppalaadventureindonesia/,Lawu,Cetho,Full Trip,780000,1,2 hari 1 malam,1,1,1,1,1,1,0,0,0,0,1,1,1,0,0,0,1,0,0,0,"HT, E-Sertifikat, Merchandise",0,"14-16 Juni, 21-23 Juni, 28-30 Juni, 5-7 Juli, 12-14 Juli, 19-21 Juli, 26-28 Juli, 2-4 Agustus, 9-11 Agustus, 16-18 Agustus, 23-25 Agustus, 30 Agustus -1 September, 6-8 September, 13-15 September, 20-22 September, 27-29 September, 4-6 Oktober, 11-13 Oktober, 18-20 Oktober, 25-27 Oktober, 1-3 November, 8-10 November, 15-17 November, 22-24 November, 29 November -1 Desember, 6-8 Desember, 13-15 Desember, 20-22 Desember, 23-25 Desember, 24-26 Desember, 29-31 Desember, 30 Desember -1 Jan 2045","Bogor, jakarta, Bekasi, Karawang"
126,Eppala Adventure,https://www.instagram.com/eppalaadventureindonesia/,Lawu,Cetho,Mepo Basecamp,375000,1,2 hari 1 malam,0,1,1,1,1,1,0,0,0,0,1,1,1,0,0,0,1,0,0,0,"HT, E-Sertifikat, Merchandise",0,"14-16 Juni, 21-23 Juni, 28-30 Juni, 5-7 Juli, 12-14 Juli, 19-21 Juli, 26-28 Juli, 2-4 Agustus, 9-11 Agustus, 16-18 Agustus, 23-25 Agustus, 30 Agustus -1 September, 6-8 September, 13-15 September, 20-22 September, 27-29 September, 4-6 Oktober, 11-13 Oktober, 18-20 Oktober, 25-27 Oktober, 1-3 November, 8-10 November, 15-17 November, 22-24 November, 29 November -1 Desember, 6-8 Desember, 13-15 Desember, 20-22 Desember, 23-25 Desember, 24-26 Desember, 29-31 Desember, 30 Desember -1 Jan 2046",Basecamp
127,Eppala Adventure,https://www.instagram.com/eppalaadventureindonesia/,Lawu,Cetho,Sharecost,500000,1,2 hari 1 malam,1,1,0,0,0,0,0,0,0,0,0,0,0,0,0,0,0,0,0,0,-,0,"14-16 Juni, 21-23 Juni, 28-30 Juni, 5-7 Juli, 12-14 Juli, 19-21 Juli, 26-28 Juli, 2-4 Agustus, 9-11 Agustus, 16-18 Agustus, 23-25 Agustus, 30 Agustus -1 September, 6-8 September, 13-15 September, 20-22 September, 27-29 September, 4-6 Oktober, 11-13 Oktober, 18-20 Oktober, 25-27 Oktober, 1-3 November, 8-10 November, 15-17 November, 22-24 November, 29 November -1 Desember, 6-8 Desember, 13-15 Desember, 20-22 Desember, 23-25 Desember, 24-26 Desember, 29-31 Desember, 30 Desember -1 Jan 2047","Bogor, jakarta, Bekasi, Karawang"
128,Eppala Adventure,https://www.instagram.com/eppalaadventureindonesia/,Merbabu,Selo,Full Trip,730000,1,2 hari 1 malam,1,1,1,1,1,1,0,1,1,0,1,1,1,0,0,0,1,0,0,0,"HT, E-Sertifikat, Merchandise, Chef Gunung",1,"14-16 Juni, 21-23 Juni, 28-30 Juni, 5-7 Juli, 12-14 Juli, 19-21 Juli, 26-28 Juli, 2-4 Agustus, 9-11 Agustus, 16-18 Agustus, 23-25 Agustus, 30 Agustus -1 September, 6-8 September, 13-15 September, 20-22 September, 27-29 September, 4-6 Oktober, 11-13 Oktober, 18-20 Oktober, 25-27 Oktober, 1-3 November, 8-10 November, 15-17 November, 22-24 November, 29 November -1 Desember, 6-8 Desember, 13-15 Desember, 20-22 Desember, 23-25 Desember, 24-26 Desember, 29-31 Desember, 30 Desember -1 Jan 2048","Bogor, jakarta, Bekasi, Karawang"
129,Eppala Adventure,https://www.instagram.com/eppalaadventureindonesia/,Merbabu,Selo,Mepo Basecamp,375000,1,2 hari 1 malam,0,1,1,1,1,1,0,1,1,0,1,1,1,0,0,0,1,0,0,0,"HT, E-Sertifikat, Merchandise, Chef Gunung",1,"14-16 Juni, 21-23 Juni, 28-30 Juni, 5-7 Juli, 12-14 Juli, 19-21 Juli, 26-28 Juli, 2-4 Agustus, 9-11 Agustus, 16-18 Agustus, 23-25 Agustus, 30 Agustus -1 September, 6-8 September, 13-15 September, 20-22 September, 27-29 September, 4-6 Oktober, 11-13 Oktober, 18-20 Oktober, 25-27 Oktober, 1-3 November, 8-10 November, 15-17 November, 22-24 November, 29 November -1 Desember, 6-8 Desember, 13-15 Desember, 20-22 Desember, 23-25 Desember, 24-26 Desember, 29-31 Desember, 30 Desember -1 Jan 2049",Basecamp
130,Eppala Adventure,https://www.instagram.com/eppalaadventureindonesia/,Merbabu,Selo,Sharecost,490000,1,2 hari 1 malam,1,1,0,0,0,0,0,0,0,0,0,0,0,0,0,0,0,0,0,0,-,0,"14-16 Juni, 21-23 Juni, 28-30 Juni, 5-7 Juli, 12-14 Juli, 19-21 Juli, 26-28 Juli, 2-4 Agustus, 9-11 Agustus, 16-18 Agustus, 23-25 Agustus, 30 Agustus -1 September, 6-8 September, 13-15 September, 20-22 September, 27-29 September, 4-6 Oktober, 11-13 Oktober, 18-20 Oktober, 25-27 Oktober, 1-3 November, 8-10 November, 15-17 November, 22-24 November, 29 November -1 Desember, 6-8 Desember, 13-15 Desember, 20-22 Desember, 23-25 Desember, 24-26 Desember, 29-31 Desember, 30 Desember -1 Jan 2050","Bogor, jakarta, Bekasi, Karawang"
131,Eppala Adventure,https://www.instagram.com/eppalaadventureindonesia/,Merbabu,Suwanting,Full Trip,780000,1,2 hari 1 malam,1,1,1,1,1,1,0,1,1,0,1,1,1,0,0,0,1,0,0,0,"HT, E-Sertifikat, Merchandise, Chef Gunung",1,"14-16 Juni, 21-23 Juni, 28-30 Juni, 5-7 Juli, 12-14 Juli, 19-21 Juli, 26-28 Juli, 2-4 Agustus, 9-11 Agustus, 16-18 Agustus, 23-25 Agustus, 30 Agustus -1 September, 6-8 September, 13-15 September, 20-22 September, 27-29 September, 4-6 Oktober, 11-13 Oktober, 18-20 Oktober, 25-27 Oktober, 1-3 November, 8-10 November, 15-17 November, 22-24 November, 29 November -1 Desember, 6-8 Desember, 13-15 Desember, 20-22 Desember, 23-25 Desember, 24-26 Desember, 29-31 Desember, 30 Desember -1 Jan 2051","Bogor, jakarta, Bekasi, Karawang"
132,Eppala Adventure,https://www.instagram.com/eppalaadventureindonesia/,Merbabu,Suwanting,Mepo Basecamp,540000,1,2 hari 1 malam,0,1,1,1,1,1,0,1,1,0,1,1,1,0,0,0,1,0,0,0,"HT, E-Sertifikat, Merchandise, Chef Gunung",1,"14-16 Juni, 21-23 Juni, 28-30 Juni, 5-7 Juli, 12-14 Juli, 19-21 Juli, 26-28 Juli, 2-4 Agustus, 9-11 Agustus, 16-18 Agustus, 23-25 Agustus, 30 Agustus -1 September, 6-8 September, 13-15 September, 20-22 September, 27-29 September, 4-6 Oktober, 11-13 Oktober, 18-20 Oktober, 25-27 Oktober, 1-3 November, 8-10 November, 15-17 November, 22-24 November, 29 November -1 Desember, 6-8 Desember, 13-15 Desember, 20-22 Desember, 23-25 Desember, 24-26 Desember, 29-31 Desember, 30 Desember -1 Jan 2052",Basecamp
133,Eppala Adventure,https://www.instagram.com/eppalaadventureindonesia/,Merbabu,Suwanting,Sharecost,425000,1,2 hari 1 malam,1,1,0,0,0,0,0,0,0,0,0,0,0,0,0,0,0,0,0,0,-,0,"14-16 Juni, 21-23 Juni, 28-30 Juni, 5-7 Juli, 12-14 Juli, 19-21 Juli, 26-28 Juli, 2-4 Agustus, 9-11 Agustus, 16-18 Agustus, 23-25 Agustus, 30 Agustus -1 September, 6-8 September, 13-15 September, 20-22 September, 27-29 September, 4-6 Oktober, 11-13 Oktober, 18-20 Oktober, 25-27 Oktober, 1-3 November, 8-10 November, 15-17 November, 22-24 November, 29 November -1 Desember, 6-8 Desember, 13-15 Desember, 20-22 Desember, 23-25 Desember, 24-26 Desember, 29-31 Desember, 30 Desember -1 Jan 2053","Bogor, jakarta, Bekasi, Karawang"
134,Libur Lembur,https://www.instagram.com/liburlembur.id/,Bromo,-,Private (penjemputan Tumpang),1200000,6,1 hari,1,0,1,0,0,0,0,0,0,0,0,0,0,0,1,0,0,1,1,1,Driver,0,Setiap hari,Tumpang
135,Libur Lembur,https://www.instagram.com/liburlembur.id/,Bromo,-,Private (penjemputan Malang),1500000,6,1 hari,1,0,1,0,0,0,0,0,0,0,0,0,0,0,1,0,0,1,1,1,Driver,0,Setiap hari,Malang
136,Libur Lembur,https://www.instagram.com/liburlembur.id/,Bromo,-,Open (penjemputan Tumpang),250000,1,1 hari,1,0,1,0,0,0,0,0,0,0,0,0,0,0,1,0,0,1,1,1,Driver,0,Setiap hari,Tumpang
137,Libur Lembur,https://www.instagram.com/liburlembur.id/,Bromo,-,Open (penjemputan Malang),300000,1,1 hari,1,0,1,0,0,0,0,0,0,0,0,0,0,0,1,0,0,1,1,1,Driver,0,Setiap hari,Malang
138,Libur Lembur,https://www.instagram.com/liburlembur.id/,Bromo,-,Private (penjemputan Tumpang) - Dokumentasi,300000,6,1 hari,1,0,1,0,0,0,0,0,0,0,0,0,0,1,1,0,0,1,1,1,Driver,0,Setiap hari,Tumpang
139,Libur Lembur,https://www.instagram.com/liburlembur.id/,Bromo,-,Private (penjemputan Malang) - Dokumentasi,350000,6,1 hari,1,0,1,0,0,0,0,0,0,0,0,0,0,1,1,0,0,1,1,1,Driver,0,Setiap hari,Malang
140,Libur Lembur,https://www.instagram.com/liburlembur.id/,Bromo,-,Open (penjemputan Tumpang) - Dokumentasi,1350000,1,1 hari,1,0,1,0,0,0,0,0,0,0,0,0,0,1,1,0,0,1,1,1,Driver,0,Setiap hari,Tumpang
141,Libur Lembur,https://www.instagram.com/liburlembur.id/,Bromo,-,Open (penjemputan Malang) - Dokumentasi,1650000,1,1 hari,1,0,1,0,0,0,0,0,0,0,0,0,0,1,1,0,0,1,1,1,Driver,0,Setiap hari,Malang
142,Bromo Paradise,https://www.instagram.com/bromoparadise.id/,Bromo,-,Open Trip (Non-Dokumentasi),250000,1,1 hari,1,0,1,0,0,0,0,0,0,0,0,0,0,0,0,0,0,1,1,1,Mengunjungi 11 Destinasi,1,Setiap hari,Kota Malang
143,Bromo Paradise,https://www.instagram.com/bromoparadise.id/,Bromo,-,Private Trip (Non-Dokumentasi),1500000,6,1 hari,1,0,1,0,0,0,0,0,0,0,0,0,0,0,0,0,0,1,1,1,Mengunjungi 11 Destinasi,1,Setiap hari,Kota Malang
144,Bromo Paradise,https://www.instagram.com/bromoparadise.id/,Bromo,-,Open Trip (Dokumentasi),300000,1,1 hari,1,0,1,0,0,0,0,0,0,0,0,0,0,1,0,0,0,1,1,1,Mengunjungi 11 Destinasi,1,Setiap hari,Kota Malang
145,Bromo Paradise,https://www.instagram.com/bromoparadise.id/,Bromo,-,Private Trip (Dokumentasi),1900000,6,1 hari,1,0,1,0,0,0,0,0,0,0,0,0,0,1,0,0,0,1,1,1,Mengunjungi 11 Destinasi,1,Setiap hari,Kota Malang
146,Edelweiss Adventure,https://www.instagram.com/edelweisadventure__/,Slamet,Bambangan,Jakarta,670000,1,2 hari 1 malam,1,1,0,1,0,1,0,1,1,1,1,1,1,1,0,1,1,0,0,0,"Sop Buah, Kursi, meja, HT",1,"14-16 Juni, 21-23 Juni, 28-30 Juni, 5-7 Juli, 12-14 Juli, 19-21 Juli, 26-28 Juli, 2-4 Agustus, 9-11 Agustus, 16-18 Agustus, 23-25 Agustus, 30 Agustus-1 september, 6-8 September, 13-15 September, 20-22 September, 27-29 September, 4-6 Oktober, 11-13 Oktober, 18-20 Oktober, 25-27 Oktober, 1-3 November, 8-10 November, 15-17 November, 22-24 November, 29 November - 1 Desember, 6-8 Desember, 13-15 Desember, 20-22 Desember, 27-29 Desember",Jakarta
147,Edelweiss Adventure,https://www.instagram.com/edelweisadventure__/,Slamet,Bambangan,Yogyakarta,600000,1,2 hari 1 malam,1,1,0,1,0,1,0,1,1,1,1,1,1,1,0,1,1,0,0,0,"Sop Buah, Kursi, meja, HT",1,"14-16 Juni, 21-23 Juni, 28-30 Juni, 5-7 Juli, 12-14 Juli, 19-21 Juli, 26-28 Juli, 2-4 Agustus, 9-11 Agustus, 16-18 Agustus, 23-25 Agustus, 30 Agustus-1 september, 6-8 September, 13-15 September, 20-22 September, 27-29 September, 4-6 Oktober, 11-13 Oktober, 18-20 Oktober, 25-27 Oktober, 1-3 November, 8-10 November, 15-17 November, 22-24 November, 29 November - 1 Desember, 6-8 Desember, 13-15 Desember, 20-22 Desember, 27-29 Desember",Yogyakarta
148,Edelweiss Adventure,https://www.instagram.com/edelweisadventure__/,Slamet,Bambangan,Basecamp,370000,1,2 hari 1 malam,1,0,0,1,0,1,0,1,1,1,1,1,1,1,0,1,1,0,0,0,"Sop Buah, Kursi, meja, HT",1,"14-16 Juni, 21-23 Juni, 28-30 Juni, 5-7 Juli, 12-14 Juli, 19-21 Juli, 26-28 Juli, 2-4 Agustus, 9-11 Agustus, 16-18 Agustus, 23-25 Agustus, 30 Agustus-1 september, 6-8 September, 13-15 September, 20-22 September, 27-29 September, 4-6 Oktober, 11-13 Oktober, 18-20 Oktober, 25-27 Oktober, 1-3 November, 8-10 November, 15-17 November, 22-24 November, 29 November - 1 Desember, 6-8 Desember, 13-15 Desember, 20-22 Desember, 27-29 Desember",Basecamp
149,Edelweiss Adventure,https://www.instagram.com/edelweisadventure__/,Lawu,Cetho,Jakarta,780000,1,2 hari 1 malam,1,1,0,1,0,1,0,1,1,1,1,1,1,1,0,1,1,0,0,0,"Sop Buah, Kursi, meja, HT",1,"14-16 Juni, 21-23 Juni, 28-30 Juni, 5-7 Juli, 12-14 Juli, 19-21 Juli, 26-28 Juli, 2-4 Agustus, 9-11 Agustus, 16-18 Agustus, 23-25 Agustus, 30 Agustus-1 september, 6-8 September, 13-15 September, 20-22 September, 27-29 September, 4-6 Oktober, 11-13 Oktober, 18-20 Oktober, 25-27 Oktober, 1-3 November, 8-10 November, 15-17 November, 22-24 November, 29 November - 1 Desember, 6-8 Desember, 13-15 Desember, 20-22 Desember, 27-29 Desember",Jakarta
150,Edelweiss Adventure,https://www.instagram.com/edelweisadventure__/,Lawu,Cetho,Yogyakarta,550000,1,2 hari 1 malam,1,1,0,1,0,1,0,1,1,1,1,1,1,1,0,1,1,0,0,0,"Sop Buah, Kursi, meja, HT",1,"14-16 Juni, 21-23 Juni, 28-30 Juni, 5-7 Juli, 12-14 Juli, 19-21 Juli, 26-28 Juli, 2-4 Agustus, 9-11 Agustus, 16-18 Agustus, 23-25 Agustus, 30 Agustus-1 september, 6-8 September, 13-15 September, 20-22 September, 27-29 September, 4-6 Oktober, 11-13 Oktober, 18-20 Oktober, 25-27 Oktober, 1-3 November, 8-10 November, 15-17 November, 22-24 November, 29 November - 1 Desember, 6-8 Desember, 13-15 Desember, 20-22 Desember, 27-29 Desember",Yogyakarta
151,Edelweiss Adventure,https://www.instagram.com/edelweisadventure__/,Lawu,Cetho,Basecamp,370000,1,2 hari 1 malam,1,0,0,1,0,1,0,1,1,1,1,1,1,1,0,1,1,0,0,0,"Sop Buah, Kursi, meja, HT",1,"14-16 Juni, 21-23 Juni, 28-30 Juni, 5-7 Juli, 12-14 Juli, 19-21 Juli, 26-28 Juli, 2-4 Agustus, 9-11 Agustus, 16-18 Agustus, 23-25 Agustus, 30 Agustus-1 september, 6-8 September, 13-15 September, 20-22 September, 27-29 September, 4-6 Oktober, 11-13 Oktober, 18-20 Oktober, 25-27 Oktober, 1-3 November, 8-10 November, 15-17 November, 22-24 November, 29 November - 1 Desember, 6-8 Desember, 13-15 Desember, 20-22 Desember, 27-29 Desember",Basecamp
152,Edelweiss Adventure,https://www.instagram.com/edelweisadventure__/,Gede,Putri,Jakarta,600000,1,2 hari 1 malam,1,1,0,1,0,1,0,1,1,1,1,1,1,1,0,1,1,0,0,0,"Sop Buah, Kursi, meja, HT",1,"14-16 Juni, 21-23 Juni, 28-30 Juni, 5-7 Juli, 12-14 Juli, 19-21 Juli, 26-28 Juli, 2-4 Agustus, 9-11 Agustus, 16-18 Agustus, 23-25 Agustus, 30 Agustus-1 september, 6-8 September, 13-15 September, 20-22 September, 27-29 September, 4-6 Oktober, 11-13 Oktober, 18-20 Oktober, 25-27 Oktober, 1-3 November, 8-10 November, 15-17 November, 22-24 November, 29 November - 1 Desember, 6-8 Desember, 13-15 Desember, 20-22 Desember, 27-29 Desember",Jakarta
153,Edelweiss Adventure,https://www.instagram.com/edelweisadventure__/,Gede,Putri,Basecamp,380000,1,2 hari 1 malam,1,0,0,1,0,1,0,1,1,1,1,1,1,1,0,1,1,0,0,0,"Sop Buah, Kursi, meja, HT",1,"14-16 Juni, 21-23 Juni, 28-30 Juni, 5-7 Juli, 12-14 Juli, 19-21 Juli, 26-28 Juli, 2-4 Agustus, 9-11 Agustus, 16-18 Agustus, 23-25 Agustus, 30 Agustus-1 september, 6-8 September, 13-15 September, 20-22 September, 27-29 September, 4-6 Oktober, 11-13 Oktober, 18-20 Oktober, 25-27 Oktober, 1-3 November, 8-10 November, 15-17 November, 22-24 November, 29 November - 1 Desember, 6-8 Desember, 13-15 Desember, 20-22 Desember, 27-29 Desember",Basecamp
154,Edelweiss Adventure,https://www.instagram.com/edelweisadventure__/,Ciremai,Apuy,Jakarta,650000,1,2 hari 1 malam,1,1,0,1,0,1,0,1,1,1,1,1,1,1,0,1,1,0,0,0,"Sop Buah, Kursi, meja, HT",1,"14-16 Juni, 21-23 Juni, 28-30 Juni, 5-7 Juli, 12-14 Juli, 19-21 Juli, 26-28 Juli, 2-4 Agustus, 9-11 Agustus, 16-18 Agustus, 23-25 Agustus, 30 Agustus-1 september, 6-8 September, 13-15 September, 20-22 September, 27-29 September, 4-6 Oktober, 11-13 Oktober, 18-20 Oktober, 25-27 Oktober, 1-3 November, 8-10 November, 15-17 November, 22-24 November, 29 November - 1 Desember, 6-8 Desember, 13-15 Desember, 20-22 Desember, 27-29 Desember",Jakarta
155,Edelweiss Adventure,https://www.instagram.com/edelweisadventure__/,Ciremai,Apuy,Basecamp,380000,1,2 hari 1 malam,1,0,0,1,0,1,0,1,1,1,1,1,1,1,0,1,1,0,0,0,"Sop Buah, Kursi, meja, HT",1,"14-16 Juni, 21-23 Juni, 28-30 Juni, 5-7 Juli, 12-14 Juli, 19-21 Juli, 26-28 Juli, 2-4 Agustus, 9-11 Agustus, 16-18 Agustus, 23-25 Agustus, 30 Agustus-1 september, 6-8 September, 13-15 September, 20-22 September, 27-29 September, 4-6 Oktober, 11-13 Oktober, 18-20 Oktober, 25-27 Oktober, 1-3 November, 8-10 November, 15-17 November, 22-24 November, 29 November - 1 Desember, 6-8 Desember, 13-15 Desember, 20-22 Desember, 27-29 Desember",Basecamp
156,Edelweiss Adventure,https://www.instagram.com/edelweisadventure__/,Sindoro,Kledung,Jakarta,650000,1,2 hari 1 malam,1,1,0,1,0,1,0,1,1,1,1,1,1,1,0,1,1,0,0,0,"Sop Buah, Kursi, meja, HT",1,"14-16 Juni, 21-23 Juni, 28-30 Juni, 5-7 Juli, 12-14 Juli, 19-21 Juli, 26-28 Juli, 2-4 Agustus, 9-11 Agustus, 16-18 Agustus, 23-25 Agustus, 30 Agustus-1 september, 6-8 September, 13-15 September, 20-22 September, 27-29 September, 4-6 Oktober, 11-13 Oktober, 18-20 Oktober, 25-27 Oktober, 1-3 November, 8-10 November, 15-17 November, 22-24 November, 29 November - 1 Desember, 6-8 Desember, 13-15 Desember, 20-22 Desember, 27-29 Desember",Jakarta
157,Edelweiss Adventure,https://www.instagram.com/edelweisadventure__/,Sindoro,Kledung,Basecamp,380000,1,2 hari 1 malam,1,0,0,1,0,1,0,1,1,1,1,1,1,1,0,1,1,0,0,0,"Sop Buah, Kursi, meja, HT",1,"14-16 Juni, 21-23 Juni, 28-30 Juni, 5-7 Juli, 12-14 Juli, 19-21 Juli, 26-28 Juli, 2-4 Agustus, 9-11 Agustus, 16-18 Agustus, 23-25 Agustus, 30 Agustus-1 september, 6-8 September, 13-15 September, 20-22 September, 27-29 September, 4-6 Oktober, 11-13 Oktober, 18-20 Oktober, 25-27 Oktober, 1-3 November, 8-10 November, 15-17 November, 22-24 November, 29 November - 1 Desember, 6-8 Desember, 13-15 Desember, 20-22 Desember, 27-29 Desember",Basecamp
158,Edelweiss Adventure,https://www.instagram.com/edelweisadventure__/,Sumbing,Garung,Jakarta,650000,1,2 hari 1 malam,1,1,0,1,0,1,0,1,1,1,1,1,1,1,0,1,1,0,0,0,"Sop Buah, Kursi, meja, HT",1,"14-16 Juni, 21-23 Juni, 28-30 Juni, 5-7 Juli, 12-14 Juli, 19-21 Juli, 26-28 Juli, 2-4 Agustus, 9-11 Agustus, 16-18 Agustus, 23-25 Agustus, 30 Agustus-1 september, 6-8 September, 13-15 September, 20-22 September, 27-29 September, 4-6 Oktober, 11-13 Oktober, 18-20 Oktober, 25-27 Oktober, 1-3 November, 8-10 November, 15-17 November, 22-24 November, 29 November - 1 Desember, 6-8 Desember, 13-15 Desember, 20-22 Desember, 27-29 Desember",Jakarta
159,Edelweiss Adventure,https://www.instagram.com/edelweisadventure__/,Sumbing,Garung,Basecamp,380000,1,2 hari 1 malam,1,0,0,1,0,1,0,1,1,1,1,1,1,1,0,1,1,0,0,0,"Sop Buah, Kursi, meja, HT",1,"14-16 Juni, 21-23 Juni, 28-30 Juni, 5-7 Juli, 12-14 Juli, 19-21 Juli, 26-28 Juli, 2-4 Agustus, 9-11 Agustus, 16-18 Agustus, 23-25 Agustus, 30 Agustus-1 september, 6-8 September, 13-15 September, 20-22 September, 27-29 September, 4-6 Oktober, 11-13 Oktober, 18-20 Oktober, 25-27 Oktober, 1-3 November, 8-10 November, 15-17 November, 22-24 November, 29 November - 1 Desember, 6-8 Desember, 13-15 Desember, 20-22 Desember, 27-29 Desember",Basecamp
160,Edelweiss Adventure,https://www.instagram.com/edelweisadventure__/,Prau,Wates,Jakarta,650000,1,2 hari 1 malam,1,1,0,1,0,1,0,1,1,1,1,1,1,1,0,1,1,0,0,0,"Sop Buah, Kursi, meja, HT",1,"14-16 Juni, 21-23 Juni, 28-30 Juni, 5-7 Juli, 12-14 Juli, 19-21 Juli, 26-28 Juli, 2-4 Agustus, 9-11 Agustus, 16-18 Agustus, 23-25 Agustus, 30 Agustus-1 september, 6-8 September, 13-15 September, 20-22 September, 27-29 September, 4-6 Oktober, 11-13 Oktober, 18-20 Oktober, 25-27 Oktober, 1-3 November, 8-10 November, 15-17 November, 22-24 November, 29 November - 1 Desember, 6-8 Desember, 13-15 Desember, 20-22 Desember, 27-29 Desember",Jakarta
161,Edelweiss Adventure,https://www.instagram.com/edelweisadventure__/,Prau,Wates,Basecamp,380000,1,2 hari 1 malam,1,0,0,1,0,1,0,1,1,1,1,1,1,1,0,1,1,0,0,0,"Sop Buah, Kursi, meja, HT",1,"14-16 Juni, 21-23 Juni, 28-30 Juni, 5-7 Juli, 12-14 Juli, 19-21 Juli, 26-28 Juli, 2-4 Agustus, 9-11 Agustus, 16-18 Agustus, 23-25 Agustus, 30 Agustus-1 september, 6-8 September, 13-15 September, 20-22 September, 27-29 September, 4-6 Oktober, 11-13 Oktober, 18-20 Oktober, 25-27 Oktober, 1-3 November, 8-10 November, 15-17 November, 22-24 November, 29 November - 1 Desember, 6-8 Desember, 13-15 Desember, 20-22 Desember, 27-29 Desember",Basecamp
162,Edelweiss Adventure,https://www.instagram.com/edelweisadventure__/,Merbabu,Selo,Jakarta,750000,1,2 hari 1 malam,1,1,0,1,0,1,0,1,1,1,1,1,1,1,0,1,1,0,0,0,"Sop Buah, Kursi, meja, HT",1,"14-16 Juni, 21-23 Juni, 28-30 Juni, 5-7 Juli, 12-14 Juli, 19-21 Juli, 26-28 Juli, 2-4 Agustus, 9-11 Agustus, 16-18 Agustus, 23-25 Agustus, 30 Agustus-1 september, 6-8 September, 13-15 September, 20-22 September, 27-29 September, 4-6 Oktober, 11-13 Oktober, 18-20 Oktober, 25-27 Oktober, 1-3 November, 8-10 November, 15-17 November, 22-24 November, 29 November - 1 Desember, 6-8 Desember, 13-15 Desember, 20-22 Desember, 27-29 Desember",Jakarta
163,Edelweiss Adventure,https://www.instagram.com/edelweisadventure__/,Merbabu,Selo,Basecamp,399999,1,2 hari 1 malam,1,0,0,1,0,1,0,1,1,1,1,1,1,1,0,1,1,0,0,0,"Sop Buah, Kursi, meja, HT",1,"14-16 Juni, 21-23 Juni, 28-30 Juni, 5-7 Juli, 12-14 Juli, 19-21 Juli, 26-28 Juli, 2-4 Agustus, 9-11 Agustus, 16-18 Agustus, 23-25 Agustus, 30 Agustus-1 september, 6-8 September, 13-15 September, 20-22 September, 27-29 September, 4-6 Oktober, 11-13 Oktober, 18-20 Oktober, 25-27 Oktober, 1-3 November, 8-10 November, 15-17 November, 22-24 November, 29 November - 1 Desember, 6-8 Desember, 13-15 Desember, 20-22 Desember, 27-29 Desember",Basecamp
164,Dolan Gunung Bromo,https://www.instagram.com/dolan_gunungbromo/,Bromo,-,Dokumentasi (open),300000,1,1 hari,1,0,1,0,0,0,0,0,0,0,0,0,0,1,0,0,0,1,1,1,-,0,setiap hari,Malang Kota
165,Dolan Gunung Bromo,https://www.instagram.com/dolan_gunungbromo/,Bromo,-,Non Dokumentasi (open),250000,1,1 hari,1,0,1,0,0,0,0,0,0,0,0,0,0,0,0,0,0,1,1,1,-,0,setiap hari,Malang Kota
166,Dolan Gunung Bromo,https://www.instagram.com/dolan_gunungbromo/,Bromo,-,Dokumentasi (private),1550000,6,1 hari,1,0,1,0,0,0,0,0,0,0,0,0,0,1,1,0,0,1,1,1,-,0,setiap hari,Malang Kota
167,Dolan Gunung Bromo,https://www.instagram.com/dolan_gunungbromo/,Bromo,-,Non Dokumentasi (Private),1350000,6,1 hari,1,0,1,0,0,0,0,0,0,0,0,0,0,0,1,0,0,1,1,1,-,0,setiap hari,Malang Kota